grid_id,risk_label
1,LOW
2,LOW
3,LOW
4,LOW
5,LOW
6,LOW
7,LOW
8,LOW
9,LOW
10,LOW
11,LOW
12,LOW
13,LOW
14,LOW
15,LOW
16,LOW
17,LOW
18,LOW
19,LOW
20,LOW
21,LOW
22,LOW
23,LOW
24,LOW
25,LOW
26,LOW
27,LOW
28,LOW
29,LOW
30,LOW
31,LOW
32,LOW
33,LOW
34,LOW
35,LOW
36,LOW
37,LOW
38,LOW
39,LOW
40,LOW
41,LOW
42,LOW
43,LOW
44,LOW
45,LOW
46,LOW
47,LOW
48,LOW
49,LOW
50,LOW
51,LOW
52,LOW
53,LOW
54,LOW
55,LOW
56,LOW
57,LOW
58,LOW
59,LOW
60,LOW
61,LOW
62,LOW
63,LOW
64,LOW
65,LOW
66,LOW
67,LOW
68,LOW
69,LOW
70,LOW
71,LOW
72,LOW
73,LOW
74,LOW
75,LOW
76,LOW
77,LOW
78,LOW
79,LOW
80,LOW
81,LOW
82,LOW
83,LOW
84,LOW
85,LOW
86,LOW
87,LOW
88,LOW
89,LOW
90,LOW
91,LOW
92,LOW
93,LOW
94,LOW
95,LOW
96,LOW
97,LOW
98,LOW
99,LOW
100,LOW
101,LOW
102,LOW
103,LOW
104,LOW
105,LOW
106,LOW
107,LOW
108,LOW
109,LOW
110,LOW
111,LOW
112,LOW
113,LOW
114,LOW
115,LOW
116,LOW
117,LOW
118,LOW
119,LOW
120,LOW
121,LOW
122,LOW
123,LOW
124,LOW
125,LOW
126,LOW
127,LOW
128,LOW
129,LOW
130,LOW
131,LOW
132,LOW
133,LOW
134,LOW
135,LOW
136,LOW
137,LOW
138,LOW
139,LOW
140,LOW
141,LOW
142,LOW
143,LOW
144,LOW
145,LOW
146,LOW
147,LOW
148,LOW
149,LOW
150,LOW
151,LOW
152,LOW
153,LOW
154,LOW
155,LOW
156,LOW
157,LOW
158,LOW
159,LOW
160,LOW
161,LOW
162,LOW
163,LOW
164,LOW
165,LOW
166,LOW
167,LOW
168,LOW
169,LOW
170,LOW
171,LOW
172,LOW
173,LOW
174,LOW
175,LOW
176,LOW
177,LOW
178,LOW
179,LOW
180,LOW
181,LOW
182,LOW
183,LOW
184,LOW
185,LOW
186,LOW
187,LOW
188,LOW
189,LOW
190,LOW
191,LOW
192,LOW
193,LOW
194,LOW
195,LOW
196,LOW
197,LOW
198,LOW
199,LOW
200,LOW
201,LOW
202,LOW
203,LOW
204,LOW
205,LOW
206,LOW
207,LOW
208,LOW
209,LOW
210,LOW
211,LOW
212,LOW
213,LOW
214,LOW
215,LOW
216,LOW
217,LOW
218,LOW
219,LOW
220,LOW
221,LOW
222,LOW
223,LOW
224,LOW
225,LOW
226,LOW
227,LOW
228,LOW
229,LOW
230,LOW
231,LOW
232,LOW
233,LOW
234,LOW
235,LOW
236,LOW
237,LOW
238,LOW
239,LOW
240,LOW
241,LOW
242,LOW
243,LOW
244,LOW
245,LOW
246,LOW
247,LOW
248,LOW
249,LOW
250,LOW
251,LOW
252,LOW
253,LOW
254,LOW
255,LOW
256,LOW
257,LOW
258,LOW
259,LOW
260,LOW
261,LOW
262,LOW
263,LOW
264,LOW
265,LOW
266,LOW
267,LOW
268,LOW
269,LOW
270,LOW
271,LOW
272,LOW
273,LOW
274,LOW
275,LOW
276,LOW
277,LOW
278,LOW
279,LOW
280,LOW
281,LOW
282,LOW
283,LOW
284,LOW
285,LOW
286,LOW
287,LOW
288,LOW
289,LOW
290,LOW
291,LOW
292,LOW
293,LOW
294,LOW
295,LOW
296,LOW
297,LOW
298,LOW
299,LOW
300,LOW
301,LOW
302,LOW
303,LOW
304,LOW
305,LOW
306,LOW
307,LOW
308,LOW
309,LOW
310,LOW
311,LOW
312,LOW
313,LOW
314,LOW
315,LOW
316,LOW
317,LOW
318,LOW
319,LOW
320,LOW
321,LOW
322,LOW
323,LOW
324,LOW
325,LOW
326,LOW
327,LOW
328,LOW
329,LOW
330,LOW
331,LOW
332,LOW
333,LOW
334,LOW
335,LOW
336,LOW
337,LOW
338,LOW
339,LOW
340,LOW
341,LOW
342,LOW
343,LOW
344,LOW
345,LOW
346,LOW
347,LOW
348,LOW
349,LOW
350,LOW
351,LOW
352,LOW
353,LOW
354,LOW
355,LOW
356,LOW
357,LOW
358,LOW
359,LOW
360,LOW
361,LOW
362,LOW
363,LOW
364,LOW
365,LOW
366,LOW
367,LOW
368,LOW
369,LOW
370,LOW
371,LOW
372,LOW
373,LOW
374,LOW
375,LOW
376,LOW
377,LOW
378,LOW
379,LOW
380,LOW
381,LOW
382,LOW
383,LOW
384,LOW
385,LOW
386,LOW
387,LOW
388,LOW
389,LOW
390,LOW
391,LOW
392,LOW
393,LOW
394,LOW
395,LOW
396,LOW
397,LOW
398,LOW
399,LOW
400,LOW
401,LOW
402,LOW
403,LOW
404,LOW
405,LOW
406,LOW
407,LOW
408,LOW
409,LOW
410,LOW
411,LOW
412,LOW
413,LOW
414,LOW
415,LOW
416,LOW
417,LOW
418,LOW
419,LOW
420,LOW
421,LOW
422,LOW
423,LOW
424,LOW
425,LOW
426,LOW
427,LOW
428,LOW
429,LOW
430,LOW
431,LOW
432,LOW
433,LOW
434,LOW
435,LOW
436,LOW
437,LOW
438,LOW
439,LOW
440,LOW
441,LOW
442,LOW
443,LOW
444,LOW
445,LOW
446,LOW
447,LOW
448,LOW
449,LOW
450,LOW
451,LOW
452,LOW
453,LOW
454,LOW
455,LOW
456,LOW
457,LOW
458,LOW
459,LOW
460,LOW
461,LOW
462,LOW
463,LOW
464,LOW
465,LOW
466,LOW
467,LOW
468,LOW
469,LOW
470,LOW
471,LOW
472,LOW
473,LOW
474,LOW
475,LOW
476,LOW
477,LOW
478,LOW
479,LOW
480,LOW
481,LOW
482,LOW
483,LOW
484,LOW
485,LOW
486,LOW
487,LOW
488,LOW
489,LOW
490,LOW
491,LOW
492,LOW
493,LOW
494,LOW
495,LOW
496,LOW
497,LOW
498,LOW
499,LOW
500,LOW
501,LOW
502,LOW
503,LOW
504,LOW
505,LOW
506,LOW
507,LOW
508,LOW
509,LOW
510,LOW
511,LOW
512,LOW
513,LOW
514,LOW
515,LOW
516,LOW
517,LOW
518,LOW
519,LOW
520,LOW
521,LOW
522,LOW
523,LOW
524,LOW
525,LOW
526,LOW
527,LOW
528,LOW
529,LOW
530,LOW
531,LOW
532,LOW
533,LOW
534,LOW
535,LOW
536,LOW
537,LOW
538,LOW
539,LOW
540,LOW
541,LOW
542,LOW
543,LOW
544,LOW
545,LOW
546,LOW
547,LOW
548,LOW
549,LOW
550,LOW
551,LOW
552,LOW
553,LOW
554,LOW
555,LOW
556,LOW
557,LOW
558,LOW
559,LOW
560,LOW
561,LOW
562,LOW
563,LOW
564,LOW
565,LOW
566,LOW
567,LOW
568,LOW
569,LOW
570,LOW
571,LOW
572,LOW
573,LOW
574,LOW
575,LOW
576,LOW
577,LOW
578,LOW
579,LOW
580,LOW
581,LOW
582,LOW
583,LOW
584,LOW
585,LOW
586,LOW
587,LOW
588,LOW
589,LOW
590,LOW
591,LOW
592,LOW
593,LOW
594,LOW
595,LOW
596,LOW
597,LOW
598,LOW
599,LOW
600,LOW
601,LOW
602,LOW
603,LOW
604,LOW
605,LOW
606,LOW
607,LOW
608,LOW
609,LOW
610,LOW
611,LOW
612,LOW
613,LOW
614,LOW
615,LOW
616,LOW
617,LOW
618,LOW
619,LOW
620,LOW
621,LOW
622,LOW
623,LOW
624,LOW
625,LOW
626,LOW
627,LOW
628,LOW
629,LOW
630,LOW
631,LOW
632,LOW
633,LOW
634,LOW
635,LOW
636,LOW
637,LOW
638,LOW
639,LOW
640,LOW
641,LOW
642,LOW
643,LOW
644,LOW
645,LOW
646,LOW
647,LOW
648,LOW
649,LOW
650,LOW
651,LOW
652,LOW
653,LOW
654,LOW
655,LOW
656,LOW
657,LOW
658,LOW
659,LOW
660,LOW
661,LOW
662,LOW
663,LOW
664,LOW
665,LOW
666,LOW
667,LOW
668,LOW
669,LOW
670,LOW
671,LOW
672,LOW
673,LOW
674,LOW
675,LOW
676,LOW
677,LOW
678,LOW
679,LOW
680,LOW
681,LOW
682,LOW
683,LOW
684,LOW
685,LOW
686,LOW
687,LOW
688,LOW
689,LOW
690,LOW
691,LOW
692,LOW
693,LOW
694,LOW
695,LOW
696,LOW
697,LOW
698,LOW
699,LOW
700,LOW
701,LOW
702,LOW
703,LOW
704,LOW
705,LOW
706,LOW
707,LOW
708,LOW
709,LOW
710,LOW
711,LOW
712,LOW
713,LOW
714,LOW
715,LOW
716,LOW
717,LOW
718,LOW
719,LOW
720,LOW
721,LOW
722,LOW
723,LOW
724,LOW
725,LOW
726,LOW
727,LOW
728,LOW
729,LOW
730,LOW
731,LOW
732,LOW
733,LOW
734,LOW
735,LOW
736,LOW
737,LOW
738,LOW
739,LOW
740,LOW
741,LOW
742,LOW
743,LOW
744,LOW
745,LOW
746,LOW
747,LOW
748,LOW
749,LOW
750,LOW
751,LOW
752,LOW
753,LOW
754,LOW
755,LOW
756,LOW
757,LOW
758,LOW
759,LOW
760,LOW
761,LOW
762,LOW
763,LOW
764,LOW
765,LOW
766,LOW
767,LOW
768,LOW
769,LOW
770,LOW
771,LOW
772,LOW
773,LOW
774,LOW
775,LOW
776,LOW
777,LOW
778,LOW
779,LOW
780,LOW
781,LOW
782,LOW
783,LOW
784,LOW
785,LOW
786,LOW
787,LOW
788,LOW
789,LOW
790,LOW
791,LOW
792,LOW
793,LOW
794,LOW
795,LOW
796,LOW
797,LOW
798,LOW
799,LOW
800,LOW
801,LOW
802,LOW
803,LOW
804,LOW
805,LOW
806,LOW
807,LOW
808,LOW
809,LOW
810,LOW
811,LOW
812,LOW
813,LOW
814,LOW
815,LOW
816,LOW
817,LOW
818,LOW
819,LOW
820,LOW
821,LOW
822,LOW
823,LOW
824,LOW
825,LOW
826,LOW
827,LOW
828,LOW
829,LOW
830,LOW
831,LOW
832,LOW
833,LOW
834,LOW
835,LOW
836,LOW
837,LOW
838,LOW
839,LOW
840,LOW
841,LOW
842,LOW
843,LOW
844,LOW
845,LOW
846,LOW
847,LOW
848,LOW
849,LOW
850,LOW
851,LOW
852,LOW
853,LOW
854,LOW
855,LOW
856,LOW
857,LOW
858,LOW
859,LOW
860,LOW
861,LOW
862,LOW
863,LOW
864,LOW
865,LOW
866,LOW
867,LOW
868,LOW
869,LOW
870,LOW
871,LOW
872,LOW
873,LOW
874,LOW
875,LOW
876,LOW
877,LOW
878,LOW
879,LOW
880,LOW
881,LOW
882,LOW
883,LOW
884,LOW
885,LOW
886,LOW
887,LOW
888,LOW
889,LOW
890,LOW
891,LOW
892,LOW
893,LOW
894,LOW
895,LOW
896,LOW
897,LOW
898,LOW
899,LOW
900,LOW
901,LOW
902,LOW
903,LOW
904,LOW
905,LOW
906,LOW
907,LOW
908,LOW
909,LOW
910,LOW
911,LOW
912,LOW
913,LOW
914,LOW
915,LOW
916,LOW
917,LOW
918,LOW
919,LOW
920,LOW
921,LOW
922,LOW
923,LOW
924,LOW
925,LOW
926,LOW
927,LOW
928,LOW
929,LOW
930,LOW
931,LOW
932,LOW
933,LOW
934,LOW
935,LOW
936,LOW
937,LOW
938,LOW
939,LOW
940,LOW
941,LOW
942,LOW
943,LOW
944,LOW
945,LOW
946,LOW
947,LOW
948,LOW
949,LOW
950,LOW
951,LOW
952,LOW
953,LOW
954,LOW
955,LOW
956,LOW
957,LOW
958,LOW
959,LOW
960,LOW
961,LOW
962,LOW
963,LOW
964,LOW
965,LOW
966,LOW
967,LOW
968,LOW
969,LOW
970,LOW
971,LOW
972,LOW
973,LOW
974,LOW
975,LOW
976,LOW
977,LOW
978,LOW
979,LOW
980,LOW
981,LOW
982,LOW
983,LOW
984,LOW
985,LOW
986,LOW
987,LOW
988,LOW
989,LOW
990,LOW
991,LOW
992,LOW
993,LOW
994,LOW
995,LOW
996,LOW
997,LOW
998,LOW
999,LOW
1000,LOW
1001,LOW
1002,LOW
1003,LOW
1004,LOW
1005,LOW
1006,LOW
1007,LOW
1008,LOW
1009,LOW
1010,LOW
1011,LOW
1012,LOW
1013,LOW
1014,LOW
1015,LOW
1016,LOW
1017,LOW
1018,LOW
1019,LOW
1020,LOW
1021,LOW
1022,LOW
1023,LOW
1024,LOW
1025,LOW
1026,LOW
1027,LOW
1028,LOW
1029,LOW
1030,LOW
1031,LOW
1032,LOW
1033,LOW
1034,LOW
1035,LOW
1036,LOW
1037,LOW
1038,LOW
1039,LOW
1040,LOW
1041,LOW
1042,LOW
1043,LOW
1044,LOW
1045,LOW
1046,LOW
1047,LOW
1048,LOW
1049,LOW
1050,LOW
1051,LOW
1052,LOW
1053,LOW
1054,LOW
1055,LOW
1056,LOW
1057,LOW
1058,LOW
1059,LOW
1060,LOW
1061,LOW
1062,LOW
1063,LOW
1064,LOW
1065,LOW
1066,LOW
1067,LOW
1068,LOW
1069,LOW
1070,LOW
1071,LOW
1072,LOW
1073,LOW
1074,LOW
1075,LOW
1076,LOW
1077,LOW
1078,LOW
1079,LOW
1080,LOW
1081,LOW
1082,LOW
1083,LOW
1084,LOW
1085,LOW
1086,LOW
1087,LOW
1088,LOW
1089,LOW
1090,LOW
1091,LOW
1092,LOW
1093,LOW
1094,LOW
1095,LOW
1096,LOW
1097,LOW
1098,LOW
1099,LOW
1100,LOW
1101,LOW
1102,LOW
1103,LOW
1104,LOW
1105,LOW
1106,LOW
1107,LOW
1108,LOW
1109,LOW
1110,LOW
1111,LOW
1112,LOW
1113,LOW
1114,LOW
1115,LOW
1116,LOW
1117,LOW
1118,LOW
1119,LOW
1120,LOW
1121,LOW
1122,LOW
1123,LOW
1124,LOW
1125,LOW
1126,LOW
1127,LOW
1128,LOW
1129,LOW
1130,LOW
1131,LOW
1132,LOW
1133,LOW
1134,LOW
1135,LOW
1136,LOW
1137,LOW
1138,LOW
1139,LOW
1140,LOW
1141,LOW
1142,LOW
1143,LOW
1144,LOW
1145,LOW
1146,LOW
1147,LOW
1148,LOW
1149,LOW
1150,LOW
1151,LOW
1152,LOW
1153,LOW
1154,LOW
1155,LOW
1156,LOW
1157,LOW
1158,LOW
1159,LOW
1160,LOW
1161,LOW
1162,LOW
1163,LOW
1164,LOW
1165,LOW
1166,LOW
1167,LOW
1168,LOW
1169,LOW
1170,LOW
1171,LOW
1172,LOW
1173,LOW
1174,LOW
1175,LOW
1176,LOW
1177,LOW
1178,LOW
1179,LOW
1180,LOW
1181,LOW
1182,LOW
1183,LOW
1184,LOW
1185,LOW
1186,LOW
1187,LOW
1188,LOW
1189,LOW
1190,LOW
1191,LOW
1192,LOW
1193,LOW
1194,LOW
1195,LOW
1196,LOW
1197,LOW
1198,LOW
1199,LOW
1200,LOW
1201,LOW
1202,LOW
1203,LOW
1204,LOW
1205,LOW
1206,LOW
1207,LOW
1208,LOW
1209,LOW
1210,LOW
1211,LOW
1212,LOW
1213,LOW
1214,LOW
1215,LOW
1216,LOW
1217,LOW
1218,LOW
1219,LOW
1220,LOW
1221,LOW
1222,LOW
1223,LOW
1224,LOW
1225,LOW
1226,LOW
1227,LOW
1228,LOW
1229,LOW
1230,LOW
1231,LOW
1232,LOW
1233,LOW
1234,LOW
1235,LOW
1236,LOW
1237,LOW
1238,LOW
1239,LOW
1240,LOW
1241,LOW
1242,LOW
1243,LOW
1244,LOW
1245,LOW
1246,LOW
1247,LOW
1248,LOW
1249,LOW
1250,LOW
1251,LOW
1252,LOW
1253,LOW
1254,LOW
1255,LOW
1256,LOW
1257,LOW
1258,LOW
1259,LOW
1260,LOW
1261,LOW
1262,LOW
1263,LOW
1264,LOW
1265,LOW
1266,LOW
1267,LOW
1268,LOW
1269,LOW
1270,LOW
1271,LOW
1272,LOW
1273,LOW
1274,LOW
1275,LOW
1276,LOW
1277,LOW
1278,LOW
1279,LOW
1280,LOW
1281,LOW
1282,LOW
1283,LOW
1284,LOW
1285,LOW
1286,LOW
1287,LOW
1288,LOW
1289,LOW
1290,LOW
1291,LOW
1292,LOW
1293,LOW
1294,LOW
1295,LOW
1296,LOW
1297,LOW
1298,LOW
1299,LOW
1300,LOW
1301,LOW
1302,LOW
1303,LOW
1304,LOW
1305,LOW
1306,LOW
1307,LOW
1308,LOW
1309,LOW
1310,LOW
1311,LOW
1312,LOW
1313,LOW
1314,LOW
1315,LOW
1316,LOW
1317,LOW
1318,LOW
1319,LOW
1320,LOW
1321,LOW
1322,LOW
1323,LOW
1324,LOW
1325,LOW
1326,LOW
1327,LOW
1328,LOW
1329,LOW
1330,LOW
1331,LOW
1332,LOW
1333,LOW
1334,LOW
1335,LOW
1336,LOW
1337,LOW
1338,LOW
1339,LOW
1340,LOW
1341,LOW
1342,LOW
1343,LOW
1344,LOW
1345,LOW
1346,LOW
1347,LOW
1348,LOW
1349,LOW
1350,LOW
1351,LOW
1352,LOW
1353,LOW
1354,LOW
1355,LOW
1356,LOW
1357,LOW
1358,LOW
1359,LOW
1360,LOW
1361,LOW
1362,LOW
1363,LOW
1364,LOW
1365,LOW
1366,LOW
1367,LOW
1368,LOW
1369,LOW
1370,LOW
1371,LOW
1372,LOW
1373,LOW
1374,LOW
1375,LOW
1376,LOW
1377,LOW
1378,LOW
1379,LOW
1380,LOW
1381,LOW
1382,LOW
1383,LOW
1384,LOW
1385,LOW
1386,LOW
1387,LOW
1388,LOW
1389,LOW
1390,LOW
1391,LOW
1392,LOW
1393,LOW
1394,LOW
1395,LOW
1396,LOW
1397,LOW
1398,LOW
1399,LOW
1400,LOW
1401,LOW
1402,LOW
1403,LOW
1404,LOW
1405,LOW
1406,LOW
1407,LOW
1408,LOW
1409,LOW
1410,LOW
1411,LOW
1412,LOW
1413,LOW
1414,LOW
1415,LOW
1416,LOW
1417,LOW
1418,LOW
1419,LOW
1420,LOW
1421,LOW
1422,LOW
1423,LOW
1424,LOW
1425,LOW
1426,LOW
1427,LOW
1428,LOW
1429,LOW
1430,LOW
1431,LOW
1432,LOW
1433,LOW
1434,LOW
1435,LOW
1436,LOW
1437,LOW
1438,LOW
1439,LOW
1440,LOW
1441,LOW
1442,LOW
1443,LOW
1444,LOW
1445,LOW
1446,LOW
1447,LOW
1448,LOW
1449,LOW
1450,LOW
1451,LOW
1452,LOW
1453,LOW
1454,LOW
1455,LOW
1456,LOW
1457,LOW
1458,LOW
1459,LOW
1460,LOW
1461,LOW
1462,LOW
1463,LOW
1464,LOW
1465,LOW
1466,LOW
1467,LOW
1468,LOW
1469,LOW
1470,LOW
1471,LOW
1472,LOW
1473,LOW
1474,LOW
1475,LOW
1476,LOW
1477,LOW
1478,LOW
1479,LOW
1480,LOW
1481,LOW
1482,LOW
1483,LOW
1484,LOW
1485,LOW
1486,LOW
1487,LOW
1488,LOW
1489,LOW
1490,LOW
1491,LOW
1492,LOW
1493,LOW
1494,LOW
1495,LOW
1496,LOW
1497,LOW
1498,LOW
1499,LOW
1500,LOW
1501,LOW
1502,LOW
1503,LOW
1504,LOW
1505,LOW
1506,LOW
1507,LOW
1508,LOW
1509,LOW
1510,LOW
1511,LOW
1512,LOW
1513,LOW
1514,LOW
1515,LOW
1516,LOW
1517,LOW
1518,LOW
1519,LOW
1520,LOW
1521,LOW
1522,LOW
1523,LOW
1524,LOW
1525,LOW
1526,LOW
1527,LOW
1528,LOW
1529,LOW
1530,LOW
1531,LOW
1532,LOW
1533,LOW
1534,LOW
1535,LOW
1536,LOW
1537,LOW
1538,LOW
1539,LOW
1540,LOW
1541,LOW
1542,LOW
1543,LOW
1544,LOW
1545,LOW
1546,LOW
1547,LOW
1548,LOW
1549,LOW
1550,LOW
1551,LOW
1552,LOW
1553,LOW
1554,LOW
1555,LOW
1556,LOW
1557,LOW
1558,LOW
1559,LOW
1560,LOW
1561,LOW
1562,LOW
1563,LOW
1564,LOW
1565,LOW
1566,LOW
1567,LOW
1568,LOW
1569,LOW
1570,LOW
1571,LOW
1572,LOW
1573,LOW
1574,LOW
1575,LOW
1576,LOW
1577,LOW
1578,LOW
1579,LOW
1580,LOW
1581,LOW
1582,LOW
1583,LOW
1584,LOW
1585,LOW
1586,LOW
1587,LOW
1588,LOW
1589,LOW
1590,LOW
1591,LOW
1592,LOW
1593,LOW
1594,LOW
1595,LOW
1596,LOW
1597,LOW
1598,LOW
1599,LOW
1600,LOW
1601,LOW
1602,LOW
1603,LOW
1604,LOW
1605,LOW
1606,LOW
1607,LOW
1608,LOW
1609,LOW
1610,LOW
1611,LOW
1612,LOW
1613,LOW
1614,LOW
1615,LOW
1616,LOW
1617,LOW
1618,LOW
1619,LOW
1620,LOW
1621,LOW
1622,LOW
1623,LOW
1624,LOW
1625,LOW
1626,LOW
1627,LOW
1628,LOW
1629,LOW
1630,LOW
1631,LOW
1632,LOW
1633,LOW
1634,LOW
1635,LOW
1636,LOW
1637,LOW
1638,LOW
1639,LOW
1640,LOW
1641,LOW
1642,LOW
1643,LOW
1644,LOW
1645,LOW
1646,LOW
1647,LOW
1648,LOW
1649,LOW
1650,LOW
1651,LOW
1652,LOW
1653,LOW
1654,LOW
1655,LOW
1656,LOW
1657,LOW
1658,LOW
1659,LOW
1660,LOW
1661,LOW
1662,LOW
1663,LOW
1664,LOW
1665,LOW
1666,LOW
1667,LOW
1668,LOW
1669,LOW
1670,LOW
1671,LOW
1672,LOW
1673,LOW
1674,LOW
1675,LOW
1676,LOW
1677,LOW
1678,LOW
1679,LOW
1680,LOW
1681,LOW
1682,LOW
1683,LOW
1684,LOW
1685,LOW
1686,LOW
1687,LOW
1688,LOW
1689,LOW
1690,LOW
1691,LOW
1692,LOW
1693,LOW
1694,LOW
1695,LOW
1696,LOW
1697,LOW
1698,LOW
1699,LOW
1700,LOW
1701,LOW
1702,LOW
1703,LOW
1704,LOW
1705,LOW
1706,LOW
1707,LOW
1708,LOW
1709,LOW
1710,LOW
1711,LOW
1712,LOW
1713,LOW
1714,LOW
1715,LOW
1716,LOW
1717,LOW
1718,LOW
1719,LOW
1720,LOW
1721,LOW
1722,LOW
1723,LOW
1724,LOW
1725,LOW
1726,LOW
1727,LOW
1728,LOW
1729,LOW
1730,LOW
1731,LOW
1732,LOW
1733,LOW
1734,LOW
1735,LOW
1736,LOW
1737,LOW
1738,LOW
1739,LOW
1740,LOW
1741,LOW
1742,LOW
1743,LOW
1744,LOW
1745,LOW
1746,LOW
1747,LOW
1748,LOW
1749,LOW
1750,LOW
1751,LOW
1752,LOW
1753,LOW
1754,LOW
1755,LOW
1756,LOW
1757,LOW
1758,LOW
1759,LOW
1760,LOW
1761,LOW
1762,LOW
1763,LOW
1764,LOW
1765,LOW
1766,LOW
1767,LOW
1768,LOW
1769,LOW
1770,LOW
1771,LOW
1772,LOW
1773,LOW
1774,LOW
1775,LOW
1776,LOW
1777,LOW
1778,LOW
1779,LOW
1780,LOW
1781,LOW
1782,LOW
1783,LOW
1784,LOW
1785,LOW
1786,LOW
1787,LOW
1788,LOW
1789,LOW
1790,LOW
1791,LOW
1792,LOW
1793,LOW
1794,LOW
1795,LOW
1796,LOW
1797,LOW
1798,LOW
1799,LOW
1800,LOW
1801,LOW
1802,LOW
1803,LOW
1804,LOW
1805,LOW
1806,LOW
1807,LOW
1808,LOW
1809,LOW
1810,LOW
1811,LOW
1812,LOW
1813,LOW
1814,LOW
1815,LOW
1816,LOW
1817,LOW
1818,LOW
1819,LOW
1820,LOW
1821,LOW
1822,LOW
1823,LOW
1824,LOW
1825,LOW
1826,LOW
1827,LOW
1828,LOW
1829,LOW
1830,LOW
1831,LOW
1832,LOW
1833,LOW
1834,LOW
1835,LOW
1836,LOW
1837,LOW
1838,LOW
1839,LOW
1840,LOW
1841,LOW
1842,LOW
1843,LOW
1844,LOW
1845,LOW
1846,LOW
1847,LOW
1848,LOW
1849,LOW
1850,LOW
1851,LOW
1852,LOW
1853,LOW
1854,LOW
1855,LOW
1856,LOW
1857,LOW
1858,LOW
1859,LOW
1860,LOW
1861,LOW
1862,LOW
1863,LOW
1864,LOW
1865,LOW
1866,LOW
1867,LOW
1868,LOW
1869,LOW
1870,LOW
1871,LOW
1872,LOW
1873,LOW
1874,LOW
1875,LOW
1876,LOW
1877,LOW
1878,LOW
1879,LOW
1880,LOW
1881,LOW
1882,LOW
1883,LOW
1884,LOW
1885,LOW
1886,LOW
1887,LOW
1888,LOW
1889,LOW
1890,LOW
1891,LOW
1892,LOW
1893,LOW
1894,LOW
1895,LOW
1896,LOW
1897,LOW
1898,LOW
1899,LOW
1900,LOW
1901,LOW
1902,LOW
1903,LOW
1904,LOW
1905,LOW
1906,LOW
1907,LOW
1908,LOW
1909,LOW
1910,LOW
1911,LOW
1912,LOW
1913,LOW
1914,LOW
1915,LOW
1916,LOW
1917,LOW
1918,LOW
1919,LOW
1920,LOW
1921,LOW
1922,LOW
1923,LOW
1924,LOW
1925,LOW
1926,LOW
1927,LOW
1928,LOW
1929,LOW
1930,LOW
1931,LOW
1932,LOW
1933,LOW
1934,LOW
1935,LOW
1936,LOW
1937,LOW
1938,LOW
1939,LOW
1940,LOW
1941,LOW
1942,LOW
1943,LOW
1944,LOW
1945,LOW
1946,LOW
1947,LOW
1948,LOW
1949,LOW
1950,LOW
1951,LOW
1952,LOW
1953,LOW
1954,LOW
1955,LOW
1956,LOW
1957,LOW
1958,LOW
1959,LOW
1960,LOW
1961,LOW
1962,LOW
1963,LOW
1964,LOW
1965,LOW
1966,LOW
1967,LOW
1968,LOW
1969,LOW
1970,LOW
1971,LOW
1972,LOW
1973,LOW
1974,LOW
1975,LOW
1976,LOW
1977,LOW
1978,LOW
1979,LOW
1980,LOW
1981,LOW
1982,LOW
1983,LOW
1984,LOW
1985,LOW
1986,LOW
1987,LOW
1988,LOW
1989,LOW
1990,LOW
1991,LOW
1992,LOW
1993,LOW
1994,LOW
1995,LOW
1996,LOW
1997,LOW
1998,LOW
1999,LOW
2000,LOW
2001,LOW
2002,LOW
2003,LOW
2004,LOW
2005,LOW
2006,LOW
2007,LOW
2008,LOW
2009,LOW
2010,LOW
2011,LOW
2012,LOW
2013,LOW
2014,LOW
2015,LOW
2016,LOW
2017,LOW
2018,LOW
2019,LOW
2020,LOW
2021,LOW
2022,LOW
2023,LOW
2024,LOW
2025,LOW
2026,LOW
2027,LOW
2028,LOW
2029,LOW
2030,LOW
2031,LOW
2032,LOW
2033,LOW
2034,LOW
2035,LOW
2036,LOW
2037,LOW
2038,LOW
2039,LOW
2040,LOW
2041,LOW
2042,LOW
2043,LOW
2044,LOW
2045,LOW
2046,LOW
2047,LOW
2048,LOW
2049,LOW
2050,LOW
2051,LOW
2052,LOW
2053,LOW
2054,LOW
2055,LOW
2056,LOW
2057,LOW
2058,LOW
2059,LOW
2060,LOW
2061,LOW
2062,LOW
2063,LOW
2064,LOW
2065,LOW
2066,LOW
2067,LOW
2068,LOW
2069,LOW
2070,LOW
2071,LOW
2072,LOW
2073,LOW
2074,LOW
2075,LOW
2076,LOW
2077,LOW
2078,LOW
2079,LOW
2080,LOW
2081,LOW
2082,LOW
2083,LOW
2084,LOW
2085,LOW
2086,LOW
2087,LOW
2088,LOW
2089,LOW
2090,LOW
2091,LOW
2092,LOW
2093,LOW
2094,LOW
2095,LOW
2096,LOW
2097,LOW
2098,LOW
2099,LOW
2100,LOW
2101,LOW
2102,LOW
2103,LOW
2104,LOW
2105,LOW
2106,LOW
2107,LOW
2108,LOW
2109,LOW
2110,LOW
2111,LOW
2112,LOW
2113,LOW
2114,LOW
2115,LOW
2116,LOW
2117,LOW
2118,LOW
2119,LOW
2120,LOW
2121,LOW
2122,LOW
2123,LOW
2124,LOW
2125,LOW
2126,LOW
2127,LOW
2128,LOW
2129,LOW
2130,LOW
2131,LOW
2132,LOW
2133,LOW
2134,LOW
2135,LOW
2136,LOW
2137,LOW
2138,LOW
2139,LOW
2140,LOW
2141,LOW
2142,LOW
2143,LOW
2144,LOW
2145,LOW
2146,LOW
2147,LOW
2148,LOW
2149,LOW
2150,LOW
2151,LOW
2152,LOW
2153,LOW
2154,LOW
2155,LOW
2156,LOW
2157,LOW
2158,LOW
2159,LOW
2160,LOW
2161,LOW
2162,LOW
2163,LOW
2164,LOW
2165,LOW
2166,LOW
2167,LOW
2168,LOW
2169,LOW
2170,LOW
2171,LOW
2172,LOW
2173,LOW
2174,LOW
2175,LOW
2176,LOW
2177,LOW
2178,LOW
2179,LOW
2180,LOW
2181,LOW
2182,LOW
2183,LOW
2184,LOW
2185,LOW
2186,LOW
2187,LOW
2188,LOW
2189,LOW
2190,LOW
2191,LOW
2192,LOW
2193,LOW
2194,LOW
2195,LOW
2196,LOW
2197,LOW
2198,LOW
2199,LOW
2200,LOW
2201,LOW
2202,LOW
2203,LOW
2204,LOW
2205,LOW
2206,LOW
2207,LOW
2208,LOW
2209,LOW
2210,LOW
2211,LOW
2212,LOW
2213,LOW
2214,LOW
2215,LOW
2216,LOW
2217,LOW
2218,LOW
2219,LOW
2220,LOW
2221,LOW
2222,LOW
2223,LOW
2224,LOW
2225,LOW
2226,LOW
2227,LOW
2228,LOW
2229,LOW
2230,LOW
2231,LOW
2232,LOW
2233,LOW
2234,LOW
2235,LOW
2236,LOW
2237,LOW
2238,LOW
2239,LOW
2240,LOW
2241,LOW
2242,LOW
2243,LOW
2244,LOW
2245,LOW
2246,LOW
2247,LOW
2248,LOW
2249,LOW
2250,LOW
2251,LOW
2252,LOW
2253,LOW
2254,LOW
2255,LOW
2256,LOW
2257,LOW
2258,LOW
2259,LOW
2260,LOW
2261,LOW
2262,LOW
2263,LOW
2264,LOW
2265,LOW
2266,LOW
2267,LOW
2268,LOW
2269,LOW
2270,LOW
2271,LOW
2272,LOW
2273,LOW
2274,LOW
2275,LOW
2276,LOW
2277,LOW
2278,LOW
2279,LOW
2280,LOW
2281,LOW
2282,LOW
2283,LOW
2284,LOW
2285,LOW
2286,LOW
2287,LOW
2288,LOW
2289,LOW
2290,LOW
2291,LOW
2292,LOW
2293,LOW
2294,LOW
2295,LOW
2296,LOW
2297,LOW
2298,LOW
2299,LOW
2300,LOW
2301,LOW
2302,LOW
2303,LOW
2304,LOW
2305,LOW
2306,LOW
2307,LOW
2308,LOW
2309,LOW
2310,LOW
2311,LOW
2312,LOW
2313,LOW
2314,LOW
2315,LOW
2316,LOW
2317,LOW
2318,LOW
2319,LOW
2320,LOW
2321,LOW
2322,LOW
2323,LOW
2324,LOW
2325,LOW
2326,LOW
2327,LOW
2328,LOW
2329,LOW
2330,LOW
2331,LOW
2332,LOW
2333,LOW
2334,LOW
2335,LOW
2336,LOW
2337,LOW
2338,LOW
2339,LOW
2340,LOW
2341,LOW
2342,LOW
2343,LOW
2344,LOW
2345,LOW
2346,LOW
2347,LOW
2348,LOW
2349,LOW
2350,LOW
2351,LOW
2352,LOW
2353,LOW
2354,LOW
2355,LOW
2356,LOW
2357,LOW
2358,LOW
2359,LOW
2360,LOW
2361,LOW
2362,LOW
2363,LOW
2364,LOW
2365,LOW
2366,LOW
2367,LOW
2368,LOW
2369,LOW
2370,LOW
2371,LOW
2372,LOW
2373,LOW
2374,LOW
2375,LOW
2376,LOW
2377,LOW
2378,LOW
2379,LOW
2380,LOW
2381,LOW
2382,LOW
2383,LOW
2384,LOW
2385,LOW
2386,LOW
2387,LOW
2388,LOW
2389,LOW
2390,LOW
2391,LOW
2392,LOW
2393,LOW
2394,LOW
2395,LOW
2396,LOW
2397,LOW
2398,LOW
2399,LOW
2400,LOW
2401,LOW
2402,LOW
2403,LOW
2404,LOW
2405,LOW
2406,LOW
2407,LOW
2408,LOW
2409,LOW
2410,LOW
2411,LOW
2412,LOW
2413,LOW
2414,LOW
2415,LOW
2416,LOW
2417,LOW
2418,LOW
2419,LOW
2420,LOW
2421,LOW
2422,LOW
2423,LOW
2424,LOW
2425,LOW
2426,LOW
2427,LOW
2428,LOW
2429,LOW
2430,LOW
2431,LOW
2432,LOW
2433,LOW
2434,LOW
2435,LOW
2436,LOW
2437,LOW
2438,LOW
2439,LOW
2440,LOW
2441,LOW
2442,LOW
2443,LOW
2444,LOW
2445,LOW
2446,LOW
2447,LOW
2448,LOW
2449,LOW
2450,LOW
2451,LOW
2452,LOW
2453,LOW
2454,LOW
2455,LOW
2456,LOW
2457,LOW
2458,LOW
2459,LOW
2460,LOW
2461,LOW
2462,LOW
2463,LOW
2464,LOW
2465,LOW
2466,LOW
2467,LOW
2468,LOW
2469,LOW
2470,LOW
2471,LOW
2472,LOW
2473,LOW
2474,LOW
2475,LOW
2476,LOW
2477,LOW
2478,LOW
2479,LOW
2480,LOW
2481,LOW
2482,LOW
2483,LOW
2484,LOW
2485,LOW
2486,LOW
2487,LOW
2488,LOW
2489,LOW
2490,LOW
2491,LOW
2492,LOW
2493,LOW
2494,LOW
2495,LOW
2496,LOW
2497,LOW
2498,LOW
2499,LOW
2500,LOW
2501,LOW
2502,LOW
2503,LOW
2504,LOW
2505,LOW
2506,LOW
2507,LOW
2508,LOW
2509,LOW
2510,LOW
2511,LOW
2512,LOW
2513,LOW
2514,LOW
2515,LOW
2516,LOW
2517,LOW
2518,LOW
2519,LOW
2520,LOW
2521,LOW
2522,LOW
2523,LOW
2524,LOW
2525,LOW
2526,LOW
2527,LOW
2528,LOW
2529,LOW
2530,LOW
2531,LOW
2532,LOW
2533,LOW
2534,LOW
2535,LOW
2536,LOW
2537,LOW
2538,LOW
2539,LOW
2540,LOW
2541,LOW
2542,LOW
2543,LOW
2544,LOW
2545,LOW
2546,LOW
2547,LOW
2548,LOW
2549,LOW
2550,LOW
2551,LOW
2552,LOW
2553,LOW
2554,LOW
2555,LOW
2556,LOW
2557,LOW
2558,LOW
2559,LOW
2560,LOW
2561,LOW
2562,LOW
2563,LOW
2564,LOW
2565,LOW
2566,LOW
2567,LOW
2568,LOW
2569,LOW
2570,LOW
2571,LOW
2572,LOW
2573,LOW
2574,LOW
2575,LOW
2576,LOW
2577,LOW
2578,LOW
2579,LOW
2580,LOW
2581,LOW
2582,LOW
2583,LOW
2584,LOW
2585,LOW
2586,LOW
2587,LOW
2588,LOW
2589,LOW
2590,LOW
2591,LOW
2592,LOW
2593,LOW
2594,LOW
2595,LOW
2596,LOW
2597,LOW
2598,LOW
2599,LOW
2600,LOW
2601,LOW
2602,LOW
2603,LOW
2604,LOW
2605,LOW
2606,LOW
2607,LOW
2608,LOW
2609,LOW
2610,LOW
2611,LOW
2612,LOW
2613,LOW
2614,LOW
2615,LOW
2616,LOW
2617,LOW
2618,LOW
2619,LOW
2620,LOW
2621,LOW
2622,LOW
2623,LOW
2624,LOW
2625,LOW
2626,LOW
2627,LOW
2628,LOW
2629,LOW
2630,LOW
2631,LOW
2632,LOW
2633,LOW
2634,LOW
2635,LOW
2636,LOW
2637,LOW
2638,LOW
2639,LOW
2640,LOW
2641,LOW
2642,LOW
2643,LOW
2644,LOW
2645,LOW
2646,LOW
2647,LOW
2648,LOW
2649,LOW
2650,LOW
2651,LOW
2652,LOW
2653,LOW
2654,LOW
2655,LOW
2656,LOW
2657,LOW
2658,LOW
2659,LOW
2660,LOW
2661,LOW
2662,LOW
2663,LOW
2664,LOW
2665,LOW
2666,LOW
2667,LOW
2668,LOW
2669,LOW
2670,LOW
2671,LOW
2672,LOW
2673,LOW
2674,LOW
2675,LOW
2676,LOW
2677,LOW
2678,LOW
2679,LOW
2680,LOW
2681,LOW
2682,LOW
2683,LOW
2684,LOW
2685,LOW
2686,LOW
2687,LOW
2688,LOW
2689,LOW
2690,LOW
2691,LOW
2692,LOW
2693,LOW
2694,LOW
2695,LOW
2696,LOW
2697,LOW
2698,LOW
2699,LOW
2700,LOW
2701,LOW
2702,LOW
2703,LOW
2704,LOW
2705,LOW
2706,LOW
2707,LOW
2708,LOW
2709,LOW
2710,LOW
2711,LOW
2712,LOW
2713,LOW
2714,LOW
2715,LOW
2716,LOW
2717,LOW
2718,LOW
2719,LOW
2720,LOW
2721,LOW
2722,LOW
2723,LOW
2724,LOW
2725,LOW
2726,LOW
2727,LOW
2728,LOW
2729,LOW
2730,LOW
2731,LOW
2732,LOW
2733,LOW
2734,LOW
2735,LOW
2736,LOW
2737,LOW
2738,LOW
2739,LOW
2740,LOW
2741,LOW
2742,LOW
2743,LOW
2744,LOW
2745,LOW
2746,LOW
2747,LOW
2748,LOW
2749,LOW
2750,LOW
2751,LOW
2752,LOW
2753,LOW
2754,LOW
2755,LOW
2756,LOW
2757,LOW
2758,LOW
2759,LOW
2760,LOW
2761,LOW
2762,LOW
2763,LOW
2764,LOW
2765,LOW
2766,LOW
2767,LOW
2768,LOW
2769,LOW
2770,LOW
2771,LOW
2772,LOW
2773,LOW
2774,LOW
2775,LOW
2776,LOW
2777,LOW
2778,LOW
2779,LOW
2780,LOW
2781,LOW
2782,LOW
2783,LOW
2784,LOW
2785,LOW
2786,LOW
2787,LOW
2788,LOW
2789,LOW
2790,LOW
2791,LOW
2792,LOW
2793,LOW
2794,LOW
2795,LOW
2796,LOW
2797,LOW
2798,LOW
2799,LOW
2800,LOW
2801,LOW
2802,LOW
2803,LOW
2804,LOW
2805,LOW
2806,LOW
2807,LOW
2808,LOW
2809,LOW
2810,LOW
2811,LOW
2812,LOW
2813,LOW
2814,LOW
2815,LOW
2816,LOW
2817,LOW
2818,LOW
2819,LOW
2820,LOW
2821,LOW
2822,LOW
2823,LOW
2824,LOW
2825,LOW
2826,LOW
2827,LOW
2828,LOW
2829,LOW
2830,LOW
2831,LOW
2832,LOW
2833,LOW
2834,LOW
2835,LOW
2836,LOW
2837,LOW
2838,LOW
2839,LOW
2840,LOW
2841,LOW
2842,LOW
2843,LOW
2844,LOW
2845,LOW
2846,LOW
2847,LOW
2848,LOW
2849,LOW
2850,LOW
2851,LOW
2852,LOW
2853,LOW
2854,LOW
2855,LOW
2856,LOW
2857,LOW
2858,LOW
2859,LOW
2860,LOW
2861,LOW
2862,LOW
2863,LOW
2864,LOW
2865,LOW
2866,LOW
2867,LOW
2868,LOW
2869,LOW
2870,LOW
2871,LOW
2872,LOW
2873,LOW
2874,LOW
2875,LOW
2876,LOW
2877,LOW
2878,LOW
2879,LOW
2880,LOW
2881,LOW
2882,LOW
2883,LOW
2884,LOW
2885,LOW
2886,LOW
2887,LOW
2888,LOW
2889,LOW
2890,LOW
2891,LOW
2892,LOW
2893,LOW
2894,LOW
2895,LOW
2896,LOW
2897,LOW
2898,LOW
2899,LOW
2900,LOW
2901,LOW
2902,LOW
2903,LOW
2904,LOW
2905,LOW
2906,LOW
2907,LOW
2908,LOW
2909,LOW
2910,LOW
2911,LOW
2912,LOW
2913,LOW
2914,LOW
2915,LOW
2916,LOW
2917,LOW
2918,LOW
2919,LOW
2920,LOW
2921,LOW
2922,LOW
2923,LOW
2924,LOW
2925,LOW
2926,LOW
2927,LOW
2928,LOW
2929,LOW
2930,LOW
2931,LOW
2932,LOW
2933,LOW
2934,LOW
2935,LOW
2936,LOW
2937,LOW
2938,LOW
2939,LOW
2940,LOW
2941,LOW
2942,LOW
2943,LOW
2944,LOW
2945,LOW
2946,LOW
2947,LOW
2948,LOW
2949,LOW
2950,LOW
2951,LOW
2952,LOW
2953,LOW
2954,LOW
2955,LOW
2956,LOW
2957,LOW
2958,LOW
2959,LOW
2960,LOW
2961,LOW
2962,LOW
2963,LOW
2964,LOW
2965,LOW
2966,LOW
2967,LOW
2968,LOW
2969,LOW
2970,LOW
2971,LOW
2972,LOW
2973,LOW
2974,LOW
2975,LOW
2976,LOW
2977,LOW
2978,LOW
2979,LOW
2980,LOW
2981,LOW
2982,LOW
2983,LOW
2984,LOW
2985,LOW
2986,LOW
2987,LOW
2988,LOW
2989,LOW
2990,LOW
2991,LOW
2992,LOW
2993,LOW
2994,LOW
2995,LOW
2996,LOW
2997,LOW
2998,LOW
2999,LOW
3000,LOW
3001,LOW
3002,LOW
3003,LOW
3004,LOW
3005,LOW
3006,LOW
3007,LOW
3008,LOW
3009,LOW
3010,LOW
3011,LOW
3012,LOW
3013,LOW
3014,LOW
3015,LOW
3016,LOW
3017,LOW
3018,LOW
3019,LOW
3020,LOW
3021,LOW
3022,LOW
3023,LOW
3024,LOW
3025,LOW
3026,LOW
3027,LOW
3028,LOW
3029,LOW
3030,LOW
3031,LOW
3032,LOW
3033,LOW
3034,LOW
3035,LOW
3036,LOW
3037,LOW
3038,LOW
3039,LOW
3040,LOW
3041,LOW
3042,LOW
3043,LOW
3044,LOW
3045,LOW
3046,LOW
3047,LOW
3048,LOW
3049,LOW
3050,LOW
3051,LOW
3052,LOW
3053,LOW
3054,LOW
3055,LOW
3056,LOW
3057,LOW
3058,LOW
3059,LOW
3060,LOW
3061,LOW
3062,LOW
3063,LOW
3064,LOW
3065,LOW
3066,LOW
3067,LOW
3068,LOW
3069,LOW
3070,LOW
3071,LOW
3072,LOW
3073,LOW
3074,LOW
3075,LOW
3076,LOW
3077,LOW
3078,LOW
3079,LOW
3080,LOW
3081,LOW
3082,LOW
3083,LOW
3084,LOW
3085,LOW
3086,LOW
3087,LOW
3088,LOW
3089,LOW
3090,LOW
3091,LOW
3092,LOW
3093,LOW
3094,LOW
3095,LOW
3096,LOW
3097,LOW
3098,LOW
3099,LOW
3100,LOW
3101,LOW
3102,LOW
3103,LOW
3104,LOW
3105,LOW
3106,LOW
3107,LOW
3108,LOW
3109,LOW
3110,LOW
3111,LOW
3112,LOW
3113,LOW
3114,LOW
3115,LOW
3116,LOW
3117,LOW
3118,LOW
3119,LOW
3120,LOW
3121,LOW
3122,LOW
3123,LOW
3124,LOW
3125,LOW
3126,LOW
3127,LOW
3128,LOW
3129,LOW
3130,LOW
3131,LOW
3132,LOW
3133,LOW
3134,LOW
3135,LOW
3136,LOW
3137,LOW
3138,LOW
3139,LOW
3140,LOW
3141,LOW
3142,LOW
3143,LOW
3144,LOW
3145,LOW
3146,LOW
3147,LOW
3148,LOW
3149,LOW
3150,LOW
3151,LOW
3152,LOW
3153,LOW
3154,LOW
3155,LOW
3156,LOW
3157,LOW
3158,LOW
3159,LOW
3160,LOW
3161,LOW
3162,LOW
3163,LOW
3164,LOW
3165,LOW
3166,LOW
3167,LOW
3168,LOW
3169,LOW
3170,LOW
3171,LOW
3172,LOW
3173,LOW
3174,LOW
3175,LOW
3176,LOW
3177,LOW
3178,LOW
3179,LOW
3180,LOW
3181,LOW
3182,LOW
3183,LOW
3184,LOW
3185,LOW
3186,LOW
3187,LOW
3188,LOW
3189,LOW
3190,LOW
3191,LOW
3192,LOW
3193,LOW
3194,LOW
3195,LOW
3196,LOW
3197,LOW
3198,LOW
3199,LOW
3200,LOW
3201,LOW
3202,LOW
3203,LOW
3204,LOW
3205,LOW
3206,LOW
3207,LOW
3208,LOW
3209,LOW
3210,LOW
3211,LOW
3212,LOW
3213,LOW
3214,LOW
3215,LOW
3216,LOW
3217,LOW
3218,LOW
3219,LOW
3220,LOW
3221,LOW
3222,LOW
3223,LOW
3224,LOW
3225,LOW
3226,LOW
3227,LOW
3228,LOW
3229,LOW
3230,LOW
3231,LOW
3232,LOW
3233,LOW
3234,LOW
3235,LOW
3236,LOW
3237,LOW
3238,LOW
3239,LOW
3240,LOW
3241,LOW
3242,LOW
3243,LOW
3244,LOW
3245,LOW
3246,LOW
3247,LOW
3248,LOW
3249,LOW
3250,LOW
3251,LOW
3252,LOW
3253,LOW
3254,LOW
3255,LOW
3256,LOW
3257,LOW
3258,LOW
3259,LOW
3260,LOW
3261,LOW
3262,LOW
3263,LOW
3264,LOW
3265,LOW
3266,LOW
3267,LOW
3268,LOW
3269,LOW
3270,LOW
3271,LOW
3272,LOW
3273,LOW
3274,LOW
3275,LOW
3276,LOW
3277,LOW
3278,LOW
3279,LOW
3280,LOW
3281,LOW
3282,LOW
3283,LOW
3284,LOW
3285,LOW
3286,LOW
3287,LOW
3288,LOW
3289,LOW
3290,LOW
3291,LOW
3292,LOW
3293,LOW
3294,LOW
3295,LOW
3296,LOW
3297,LOW
3298,LOW
3299,LOW
3300,LOW
3301,LOW
3302,LOW
3303,LOW
3304,LOW
3305,LOW
3306,LOW
3307,LOW
3308,LOW
3309,LOW
3310,LOW
3311,LOW
3312,LOW
3313,LOW
3314,LOW
3315,LOW
3316,LOW
3317,LOW
3318,LOW
3319,LOW
3320,LOW
3321,LOW
3322,LOW
3323,LOW
3324,LOW
3325,LOW
3326,LOW
3327,LOW
3328,LOW
3329,LOW
3330,LOW
3331,LOW
3332,LOW
3333,LOW
3334,LOW
3335,LOW
3336,LOW
3337,LOW
3338,LOW
3339,LOW
3340,LOW
3341,LOW
3342,LOW
3343,LOW
3344,LOW
3345,LOW
3346,LOW
3347,LOW
3348,LOW
3349,LOW
3350,LOW
3351,LOW
3352,LOW
3353,LOW
3354,LOW
3355,LOW
3356,LOW
3357,LOW
3358,LOW
3359,LOW
3360,LOW
3361,LOW
3362,LOW
3363,LOW
3364,LOW
3365,LOW
3366,LOW
3367,LOW
3368,LOW
3369,LOW
3370,LOW
3371,LOW
3372,LOW
3373,LOW
3374,LOW
3375,LOW
3376,LOW
3377,LOW
3378,LOW
3379,LOW
3380,LOW
3381,LOW
3382,LOW
3383,LOW
3384,LOW
3385,LOW
3386,LOW
3387,LOW
3388,LOW
3389,LOW
3390,LOW
3391,LOW
3392,LOW
3393,LOW
3394,LOW
3395,LOW
3396,LOW
3397,LOW
3398,LOW
3399,LOW
3400,LOW
3401,LOW
3402,LOW
3403,LOW
3404,LOW
3405,LOW
3406,LOW
3407,LOW
3408,LOW
3409,LOW
3410,LOW
3411,LOW
3412,LOW
3413,LOW
3414,LOW
3415,LOW
3416,LOW
3417,LOW
3418,LOW
3419,LOW
3420,LOW
3421,LOW
3422,LOW
3423,LOW
3424,LOW
3425,LOW
3426,LOW
3427,LOW
3428,LOW
3429,LOW
3430,LOW
3431,LOW
3432,LOW
3433,LOW
3434,LOW
3435,LOW
3436,LOW
3437,LOW
3438,LOW
3439,LOW
3440,LOW
3441,LOW
3442,LOW
3443,LOW
3444,LOW
3445,LOW
3446,LOW
3447,LOW
3448,LOW
3449,LOW
3450,LOW
3451,LOW
3452,LOW
3453,LOW
3454,LOW
3455,LOW
3456,LOW
3457,LOW
3458,LOW
3459,LOW
3460,LOW
3461,LOW
3462,LOW
3463,LOW
3464,LOW
3465,LOW
3466,LOW
3467,LOW
3468,LOW
3469,LOW
3470,LOW
3471,LOW
3472,LOW
3473,LOW
3474,LOW
3475,LOW
3476,LOW
3477,LOW
3478,LOW
3479,LOW
3480,LOW
3481,LOW
3482,LOW
3483,LOW
3484,LOW
3485,LOW
3486,LOW
3487,LOW
3488,LOW
3489,LOW
3490,LOW
3491,LOW
3492,LOW
3493,LOW
3494,LOW
3495,LOW
3496,LOW
3497,LOW
3498,LOW
3499,LOW
3500,LOW
3501,LOW
3502,LOW
3503,LOW
3504,LOW
3505,LOW
3506,LOW
3507,LOW
3508,LOW
3509,LOW
3510,LOW
3511,LOW
3512,LOW
3513,LOW
3514,LOW
3515,LOW
3516,LOW
3517,LOW
3518,LOW
3519,LOW
3520,LOW
3521,LOW
3522,LOW
3523,LOW
3524,LOW
3525,LOW
3526,LOW
3527,LOW
3528,LOW
3529,LOW
3530,LOW
3531,LOW
3532,LOW
3533,LOW
3534,LOW
3535,LOW
3536,LOW
3537,LOW
3538,LOW
3539,LOW
3540,LOW
3541,LOW
3542,LOW
3543,LOW
3544,LOW
3545,LOW
3546,LOW
3547,LOW
3548,LOW
3549,LOW
3550,LOW
3551,LOW
3552,LOW
3553,LOW
3554,LOW
3555,LOW
3556,LOW
3557,LOW
3558,LOW
3559,LOW
3560,LOW
3561,LOW
3562,LOW
3563,LOW
3564,LOW
3565,LOW
3566,LOW
3567,LOW
3568,LOW
3569,LOW
3570,LOW
3571,LOW
3572,LOW
3573,LOW
3574,LOW
3575,LOW
3576,LOW
3577,LOW
3578,LOW
3579,LOW
3580,LOW
3581,LOW
3582,LOW
3583,LOW
3584,LOW
3585,LOW
3586,LOW
3587,LOW
3588,LOW
3589,LOW
3590,LOW
3591,LOW
3592,LOW
3593,LOW
3594,LOW
3595,LOW
3596,LOW
3597,LOW
3598,LOW
3599,LOW
3600,LOW
3601,LOW
3602,LOW
3603,LOW
3604,LOW
3605,LOW
3606,LOW
3607,LOW
3608,LOW
3609,LOW
3610,LOW
3611,LOW
3612,LOW
3613,LOW
3614,LOW
3615,LOW
3616,LOW
3617,LOW
3618,LOW
3619,LOW
3620,LOW
3621,LOW
3622,LOW
3623,LOW
3624,LOW
3625,LOW
3626,LOW
3627,LOW
3628,LOW
3629,LOW
3630,LOW
3631,LOW
3632,LOW
3633,LOW
3634,LOW
3635,LOW
3636,LOW
3637,LOW
3638,LOW
3639,LOW
3640,LOW
3641,LOW
3642,LOW
3643,LOW
3644,LOW
3645,LOW
3646,LOW
3647,LOW
3648,LOW
3649,LOW
3650,LOW
3651,LOW
3652,LOW
3653,LOW
3654,LOW
3655,LOW
3656,LOW
3657,LOW
3658,LOW
3659,LOW
3660,LOW
3661,LOW
3662,LOW
3663,LOW
3664,LOW
3665,LOW
3666,LOW
3667,LOW
3668,LOW
3669,LOW
3670,LOW
3671,LOW
3672,LOW
3673,LOW
3674,LOW
3675,LOW
3676,LOW
3677,LOW
3678,LOW
3679,LOW
3680,LOW
3681,LOW
3682,LOW
3683,LOW
3684,LOW
3685,LOW
3686,LOW
3687,LOW
3688,LOW
3689,LOW
3690,LOW
3691,LOW
3692,LOW
3693,LOW
3694,LOW
3695,LOW
3696,LOW
3697,LOW
3698,LOW
3699,LOW
3700,LOW
3701,LOW
3702,LOW
3703,LOW
3704,LOW
3705,LOW
3706,LOW
3707,LOW
3708,LOW
3709,LOW
3710,LOW
3711,LOW
3712,LOW
3713,LOW
3714,LOW
3715,LOW
3716,LOW
3717,LOW
3718,LOW
3719,LOW
3720,LOW
3721,LOW
3722,LOW
3723,LOW
3724,LOW
3725,LOW
3726,LOW
3727,LOW
3728,LOW
3729,LOW
3730,LOW
3731,LOW
3732,LOW
3733,LOW
3734,LOW
3735,LOW
3736,LOW
3737,LOW
3738,LOW
3739,LOW
3740,LOW
3741,LOW
3742,LOW
3743,LOW
3744,LOW
3745,LOW
3746,LOW
3747,LOW
3748,LOW
3749,LOW
3750,LOW
3751,LOW
3752,LOW
3753,LOW
3754,LOW
3755,LOW
3756,LOW
3757,LOW
3758,LOW
3759,LOW
3760,LOW
3761,LOW
3762,LOW
3763,LOW
3764,LOW
3765,LOW
3766,LOW
3767,LOW
3768,LOW
3769,LOW
3770,LOW
3771,LOW
3772,LOW
3773,LOW
3774,LOW
3775,LOW
3776,LOW
3777,LOW
3778,LOW
3779,LOW
3780,LOW
3781,LOW
3782,LOW
3783,LOW
3784,LOW
3785,LOW
3786,LOW
3787,LOW
3788,LOW
3789,LOW
3790,LOW
3791,LOW
3792,LOW
3793,LOW
3794,LOW
3795,LOW
3796,LOW
3797,LOW
3798,LOW
3799,LOW
3800,LOW
3801,LOW
3802,LOW
3803,LOW
3804,LOW
3805,LOW
3806,LOW
3807,LOW
3808,LOW
3809,LOW
3810,LOW
3811,LOW
3812,LOW
3813,LOW
3814,LOW
3815,LOW
3816,LOW
3817,LOW
3818,LOW
3819,LOW
3820,LOW
3821,LOW
3822,LOW
3823,LOW
3824,LOW
3825,LOW
3826,LOW
3827,LOW
3828,LOW
3829,LOW
3830,LOW
3831,LOW
3832,LOW
3833,LOW
3834,LOW
3835,LOW
3836,LOW
3837,LOW
3838,LOW
3839,LOW
3840,LOW
3841,LOW
3842,LOW
3843,LOW
3844,LOW
3845,LOW
3846,LOW
3847,LOW
3848,LOW
3849,LOW
3850,LOW
3851,LOW
3852,LOW
3853,LOW
3854,LOW
3855,LOW
3856,LOW
3857,LOW
3858,LOW
3859,LOW
3860,LOW
3861,LOW
3862,LOW
3863,LOW
3864,LOW
3865,LOW
3866,LOW
3867,LOW
3868,LOW
3869,LOW
3870,LOW
3871,LOW
3872,LOW
3873,LOW
3874,LOW
3875,LOW
3876,LOW
3877,LOW
3878,LOW
3879,LOW
3880,LOW
3881,LOW
3882,LOW
3883,LOW
3884,LOW
3885,LOW
3886,LOW
3887,LOW
3888,LOW
3889,LOW
3890,LOW
3891,LOW
3892,LOW
3893,LOW
3894,LOW
3895,LOW
3896,LOW
3897,LOW
3898,LOW
3899,LOW
3900,LOW
3901,LOW
3902,LOW
3903,LOW
3904,LOW
3905,LOW
3906,LOW
3907,LOW
3908,LOW
3909,LOW
3910,LOW
3911,LOW
3912,LOW
3913,LOW
3914,LOW
3915,LOW
3916,LOW
3917,LOW
3918,LOW
3919,LOW
3920,LOW
3921,LOW
3922,LOW
3923,LOW
3924,LOW
3925,LOW
3926,LOW
3927,LOW
3928,LOW
3929,LOW
3930,LOW
3931,LOW
3932,LOW
3933,LOW
3934,LOW
3935,LOW
3936,LOW
3937,LOW
3938,LOW
3939,LOW
3940,LOW
3941,LOW
3942,LOW
3943,LOW
3944,LOW
3945,LOW
3946,LOW
3947,LOW
3948,LOW
3949,LOW
3950,LOW
3951,LOW
3952,LOW
3953,LOW
3954,LOW
3955,LOW
3956,LOW
3957,LOW
3958,LOW
3959,LOW
3960,LOW
3961,LOW
3962,LOW
3963,LOW
3964,LOW
3965,LOW
3966,LOW
3967,LOW
3968,LOW
3969,LOW
3970,LOW
3971,LOW
3972,LOW
3973,LOW
3974,LOW
3975,LOW
3976,LOW
3977,LOW
3978,LOW
3979,LOW
3980,LOW
3981,LOW
3982,LOW
3983,LOW
3984,LOW
3985,LOW
3986,LOW
3987,LOW
3988,LOW
3989,LOW
3990,LOW
3991,LOW
3992,LOW
3993,LOW
3994,LOW
3995,LOW
3996,LOW
3997,LOW
3998,LOW
3999,LOW
4000,LOW
4001,LOW
4002,LOW
4003,LOW
4004,LOW
4005,LOW
4006,LOW
4007,LOW
4008,LOW
4009,LOW
4010,LOW
4011,LOW
4012,LOW
4013,LOW
4014,LOW
4015,LOW
4016,LOW
4017,LOW
4018,LOW
4019,LOW
4020,LOW
4021,LOW
4022,LOW
4023,LOW
4024,LOW
4025,LOW
4026,LOW
4027,LOW
4028,LOW
4029,LOW
4030,LOW
4031,LOW
4032,LOW
4033,LOW
4034,LOW
4035,LOW
4036,LOW
4037,LOW
4038,LOW
4039,LOW
4040,LOW
4041,LOW
4042,LOW
4043,LOW
4044,LOW
4045,LOW
4046,LOW
4047,LOW
4048,LOW
4049,LOW
4050,LOW
4051,LOW
4052,LOW
4053,LOW
4054,LOW
4055,LOW
4056,LOW
4057,LOW
4058,LOW
4059,LOW
4060,LOW
4061,LOW
4062,LOW
4063,LOW
4064,LOW
4065,LOW
4066,LOW
4067,LOW
4068,LOW
4069,LOW
4070,LOW
4071,LOW
4072,LOW
4073,LOW
4074,LOW
4075,LOW
4076,LOW
4077,LOW
4078,LOW
4079,LOW
4080,LOW
4081,LOW
4082,LOW
4083,LOW
4084,LOW
4085,LOW
4086,LOW
4087,LOW
4088,LOW
4089,LOW
4090,LOW
4091,LOW
4092,LOW
4093,LOW
4094,LOW
4095,LOW
4096,LOW
4097,LOW
4098,LOW
4099,LOW
4100,LOW
4101,LOW
4102,LOW
4103,LOW
4104,LOW
4105,LOW
4106,LOW
4107,LOW
4108,LOW
4109,LOW
4110,LOW
4111,LOW
4112,LOW
4113,LOW
4114,LOW
4115,LOW
4116,LOW
4117,LOW
4118,LOW
4119,LOW
4120,LOW
4121,LOW
4122,LOW
4123,LOW
4124,LOW
4125,LOW
4126,LOW
4127,LOW
4128,LOW
4129,LOW
4130,LOW
4131,LOW
4132,LOW
4133,LOW
4134,LOW
4135,LOW
4136,LOW
4137,LOW
4138,LOW
4139,LOW
4140,LOW
4141,LOW
4142,LOW
4143,LOW
4144,LOW
4145,LOW
4146,LOW
4147,LOW
4148,LOW
4149,LOW
4150,LOW
4151,LOW
4152,LOW
4153,LOW
4154,LOW
4155,LOW
4156,LOW
4157,LOW
4158,LOW
4159,LOW
4160,LOW
4161,LOW
4162,LOW
4163,LOW
4164,LOW
4165,LOW
4166,LOW
4167,LOW
4168,LOW
4169,LOW
4170,LOW
4171,LOW
4172,LOW
4173,LOW
4174,LOW
4175,LOW
4176,LOW
4177,LOW
4178,LOW
4179,LOW
4180,LOW
4181,LOW
4182,LOW
4183,LOW
4184,LOW
4185,LOW
4186,LOW
4187,LOW
4188,LOW
4189,LOW
4190,LOW
4191,LOW
4192,LOW
4193,LOW
4194,LOW
4195,LOW
4196,LOW
4197,LOW
4198,LOW
4199,LOW
4200,LOW
4201,LOW
4202,LOW
4203,LOW
4204,LOW
4205,LOW
4206,LOW
4207,LOW
4208,LOW
4209,LOW
4210,LOW
4211,LOW
4212,LOW
4213,LOW
4214,LOW
4215,LOW
4216,LOW
4217,LOW
4218,LOW
4219,LOW
4220,LOW
4221,LOW
4222,LOW
4223,LOW
4224,LOW
4225,LOW
4226,LOW
4227,LOW
4228,LOW
4229,LOW
4230,LOW
4231,LOW
4232,LOW
4233,LOW
4234,LOW
4235,LOW
4236,LOW
4237,LOW
4238,LOW
4239,LOW
4240,LOW
4241,LOW
4242,LOW
4243,LOW
4244,LOW
4245,LOW
4246,LOW
4247,LOW
4248,LOW
4249,LOW
4250,LOW
4251,LOW
4252,LOW
4253,LOW
4254,LOW
4255,LOW
4256,LOW
4257,LOW
4258,LOW
4259,LOW
4260,LOW
4261,LOW
4262,LOW
4263,LOW
4264,LOW
4265,LOW
4266,LOW
4267,LOW
4268,LOW
4269,LOW
4270,LOW
4271,LOW
4272,LOW
4273,LOW
4274,LOW
4275,LOW
4276,LOW
4277,LOW
4278,LOW
4279,LOW
4280,LOW
4281,LOW
4282,LOW
4283,LOW
4284,LOW
4285,LOW
4286,LOW
4287,LOW
4288,LOW
4289,LOW
4290,LOW
4291,LOW
4292,LOW
4293,LOW
4294,LOW
4295,LOW
4296,LOW
4297,LOW
4298,LOW
4299,LOW
4300,LOW
4301,LOW
4302,LOW
4303,LOW
4304,LOW
4305,LOW
4306,LOW
4307,LOW
4308,LOW
4309,LOW
4310,LOW
4311,LOW
4312,LOW
4313,LOW
4314,LOW
4315,LOW
4316,LOW
4317,LOW
4318,LOW
4319,LOW
4320,LOW
4321,LOW
4322,LOW
4323,LOW
4324,LOW
4325,LOW
4326,LOW
4327,LOW
4328,LOW
4329,LOW
4330,LOW
4331,LOW
4332,LOW
4333,LOW
4334,LOW
4335,LOW
4336,LOW
4337,LOW
4338,LOW
4339,LOW
4340,LOW
4341,LOW
4342,LOW
4343,LOW
4344,LOW
4345,LOW
4346,LOW
4347,LOW
4348,LOW
4349,LOW
4350,LOW
4351,LOW
4352,LOW
4353,LOW
4354,LOW
4355,LOW
4356,LOW
4357,LOW
4358,LOW
4359,LOW
4360,LOW
4361,LOW
4362,LOW
4363,LOW
4364,LOW
4365,LOW
4366,LOW
4367,LOW
4368,LOW
4369,LOW
4370,LOW
4371,LOW
4372,LOW
4373,LOW
4374,LOW
4375,LOW
4376,LOW
4377,LOW
4378,LOW
4379,LOW
4380,LOW
4381,LOW
4382,LOW
4383,LOW
4384,LOW
4385,LOW
4386,LOW
4387,LOW
4388,LOW
4389,LOW
4390,LOW
4391,LOW
4392,LOW
4393,LOW
4394,LOW
4395,LOW
4396,LOW
4397,LOW
4398,LOW
4399,LOW
4400,LOW
4401,LOW
4402,LOW
4403,LOW
4404,LOW
4405,LOW
4406,LOW
4407,LOW
4408,LOW
4409,LOW
4410,LOW
4411,LOW
4412,LOW
4413,LOW
4414,LOW
4415,LOW
4416,LOW
4417,LOW
4418,LOW
4419,LOW
4420,LOW
4421,LOW
4422,LOW
4423,LOW
4424,LOW
4425,LOW
4426,LOW
4427,LOW
4428,LOW
4429,LOW
4430,LOW
4431,LOW
4432,LOW
4433,LOW
4434,LOW
4435,LOW
4436,LOW
4437,LOW
4438,LOW
4439,LOW
4440,LOW
4441,LOW
4442,LOW
4443,LOW
4444,LOW
4445,LOW
4446,LOW
4447,LOW
4448,LOW
4449,LOW
4450,LOW
4451,LOW
4452,LOW
4453,LOW
4454,LOW
4455,LOW
4456,LOW
4457,LOW
4458,LOW
4459,LOW
4460,LOW
4461,LOW
4462,LOW
4463,LOW
4464,LOW
4465,LOW
4466,LOW
4467,LOW
4468,LOW
4469,LOW
4470,LOW
4471,LOW
4472,LOW
4473,LOW
4474,LOW
4475,LOW
4476,LOW
4477,LOW
4478,LOW
4479,LOW
4480,LOW
4481,LOW
4482,LOW
4483,LOW
4484,LOW
4485,LOW
4486,LOW
4487,LOW
4488,LOW
4489,LOW
4490,LOW
4491,LOW
4492,LOW
4493,LOW
4494,LOW
4495,LOW
4496,LOW
4497,LOW
4498,LOW
4499,LOW
4500,LOW
4501,LOW
4502,LOW
4503,LOW
4504,LOW
4505,LOW
4506,LOW
4507,LOW
4508,LOW
4509,LOW
4510,LOW
4511,LOW
4512,LOW
4513,LOW
4514,LOW
4515,LOW
4516,LOW
4517,LOW
4518,LOW
4519,LOW
4520,LOW
4521,LOW
4522,LOW
4523,LOW
4524,LOW
4525,LOW
4526,LOW
4527,LOW
4528,LOW
4529,LOW
4530,LOW
4531,LOW
4532,LOW
4533,LOW
4534,LOW
4535,LOW
4536,LOW
4537,LOW
4538,LOW
4539,LOW
4540,LOW
4541,LOW
4542,LOW
4543,LOW
4544,LOW
4545,LOW
4546,LOW
4547,LOW
4548,LOW
4549,LOW
4550,LOW
4551,LOW
4552,LOW
4553,LOW
4554,LOW
4555,LOW
4556,LOW
4557,LOW
4558,LOW
4559,LOW
4560,LOW
4561,LOW
4562,LOW
4563,LOW
4564,LOW
4565,LOW
4566,LOW
4567,LOW
4568,LOW
4569,LOW
4570,LOW
4571,LOW
4572,LOW
4573,LOW
4574,LOW
4575,LOW
4576,LOW
4577,LOW
4578,LOW
4579,LOW
4580,LOW
4581,LOW
4582,LOW
4583,LOW
4584,LOW
4585,LOW
4586,LOW
4587,LOW
4588,LOW
4589,LOW
4590,LOW
4591,LOW
4592,LOW
4593,LOW
4594,LOW
4595,LOW
4596,LOW
4597,LOW
4598,LOW
4599,LOW
4600,LOW
4601,LOW
4602,LOW
4603,LOW
4604,LOW
4605,LOW
4606,LOW
4607,LOW
4608,LOW
4609,LOW
4610,LOW
4611,LOW
4612,LOW
4613,LOW
4614,LOW
4615,LOW
4616,LOW
4617,LOW
4618,LOW
4619,LOW
4620,LOW
4621,LOW
4622,LOW
4623,LOW
4624,LOW
4625,LOW
4626,LOW
4627,LOW
4628,LOW
4629,LOW
4630,LOW
4631,LOW
4632,LOW
4633,LOW
4634,LOW
4635,LOW
4636,LOW
4637,LOW
4638,LOW
4639,LOW
4640,LOW
4641,LOW
4642,LOW
4643,LOW
4644,LOW
4645,LOW
4646,LOW
4647,LOW
4648,LOW
4649,LOW
4650,LOW
4651,LOW
4652,LOW
4653,LOW
4654,LOW
4655,LOW
4656,LOW
4657,LOW
4658,LOW
4659,LOW
4660,LOW
4661,LOW
4662,LOW
4663,LOW
4664,LOW
4665,LOW
4666,LOW
4667,LOW
4668,LOW
4669,LOW
4670,LOW
4671,LOW
4672,LOW
4673,LOW
4674,LOW
4675,LOW
4676,LOW
4677,LOW
4678,LOW
4679,LOW
4680,LOW
4681,LOW
4682,LOW
4683,LOW
4684,LOW
4685,LOW
4686,LOW
4687,LOW
4688,LOW
4689,LOW
4690,LOW
4691,LOW
4692,LOW
4693,LOW
4694,LOW
4695,LOW
4696,LOW
4697,LOW
4698,LOW
4699,LOW
4700,LOW
4701,LOW
4702,LOW
4703,LOW
4704,LOW
4705,LOW
4706,LOW
4707,LOW
4708,LOW
4709,LOW
4710,LOW
4711,LOW
4712,LOW
4713,LOW
4714,LOW
4715,LOW
4716,LOW
4717,LOW
4718,LOW
4719,LOW
4720,LOW
4721,LOW
4722,LOW
4723,LOW
4724,LOW
4725,LOW
4726,LOW
4727,LOW
4728,LOW
4729,LOW
4730,LOW
4731,LOW
4732,LOW
4733,LOW
4734,LOW
4735,LOW
4736,LOW
4737,LOW
4738,LOW
4739,LOW
4740,LOW
4741,LOW
4742,LOW
4743,LOW
4744,LOW
4745,LOW
4746,LOW
4747,LOW
4748,LOW
4749,LOW
4750,LOW
4751,LOW
4752,LOW
4753,LOW
4754,LOW
4755,LOW
4756,LOW
4757,LOW
4758,LOW
4759,LOW
4760,LOW
4761,LOW
4762,LOW
4763,LOW
4764,LOW
4765,LOW
4766,LOW
4767,LOW
4768,LOW
4769,LOW
4770,LOW
4771,LOW
4772,LOW
4773,LOW
4774,LOW
4775,LOW
4776,LOW
4777,LOW
4778,LOW
4779,LOW
4780,LOW
4781,LOW
4782,LOW
4783,LOW
4784,LOW
4785,LOW
4786,LOW
4787,LOW
4788,LOW
4789,LOW
4790,LOW
4791,LOW
4792,LOW
4793,LOW
4794,LOW
4795,LOW
4796,LOW
4797,LOW
4798,LOW
4799,LOW
4800,LOW
4801,LOW
4802,LOW
4803,LOW
4804,LOW
4805,LOW
4806,LOW
4807,LOW
4808,LOW
4809,LOW
4810,LOW
4811,LOW
4812,LOW
4813,LOW
4814,LOW
4815,LOW
4816,LOW
4817,LOW
4818,LOW
4819,LOW
4820,LOW
4821,LOW
4822,LOW
4823,LOW
4824,LOW
4825,LOW
4826,LOW
4827,LOW
4828,LOW
4829,LOW
4830,LOW
4831,LOW
4832,LOW
4833,LOW
4834,LOW
4835,LOW
4836,LOW
4837,LOW
4838,LOW
4839,LOW
4840,LOW
4841,LOW
4842,LOW
4843,LOW
4844,LOW
4845,LOW
4846,LOW
4847,LOW
4848,LOW
4849,LOW
4850,LOW
4851,LOW
4852,LOW
4853,LOW
4854,LOW
4855,LOW
4856,LOW
4857,LOW
4858,LOW
4859,LOW
4860,LOW
4861,LOW
4862,LOW
4863,LOW
4864,LOW
4865,LOW
4866,LOW
4867,LOW
4868,LOW
4869,LOW
4870,LOW
4871,LOW
4872,LOW
4873,LOW
4874,LOW
4875,LOW
4876,LOW
4877,LOW
4878,LOW
4879,LOW
4880,LOW
4881,LOW
4882,LOW
4883,LOW
4884,LOW
4885,LOW
4886,LOW
4887,LOW
4888,LOW
4889,LOW
4890,LOW
4891,LOW
4892,LOW
4893,LOW
4894,LOW
4895,LOW
4896,LOW
4897,LOW
4898,LOW
4899,LOW
4900,LOW
4901,LOW
4902,LOW
4903,LOW
4904,LOW
4905,LOW
4906,LOW
4907,LOW
4908,LOW
4909,LOW
4910,LOW
4911,LOW
4912,LOW
4913,LOW
4914,LOW
4915,LOW
4916,LOW
4917,LOW
4918,LOW
4919,LOW
4920,LOW
4921,LOW
4922,LOW
4923,LOW
4924,LOW
4925,LOW
4926,LOW
4927,LOW
4928,LOW
4929,LOW
4930,LOW
4931,LOW
4932,LOW
4933,LOW
4934,LOW
4935,LOW
4936,LOW
4937,LOW
4938,LOW
4939,LOW
4940,LOW
4941,LOW
4942,LOW
4943,LOW
4944,LOW
4945,LOW
4946,LOW
4947,LOW
4948,LOW
4949,LOW
4950,LOW
4951,LOW
4952,LOW
4953,LOW
4954,LOW
4955,LOW
4956,LOW
4957,LOW
4958,LOW
4959,LOW
4960,LOW
4961,LOW
4962,LOW
4963,LOW
4964,LOW
4965,LOW
4966,LOW
4967,LOW
4968,LOW
4969,LOW
4970,LOW
4971,LOW
4972,LOW
4973,LOW
4974,LOW
4975,LOW
4976,LOW
4977,LOW
4978,LOW
4979,LOW
4980,LOW
4981,LOW
4982,LOW
4983,LOW
4984,LOW
4985,LOW
4986,LOW
4987,LOW
4988,LOW
4989,LOW
4990,LOW
4991,LOW
4992,LOW
4993,LOW
4994,LOW
4995,LOW
4996,LOW
4997,LOW
4998,LOW
4999,LOW
5000,LOW
5001,LOW
5002,LOW
5003,LOW
5004,LOW
5005,LOW
5006,LOW
5007,LOW
5008,LOW
5009,LOW
5010,LOW
5011,LOW
5012,LOW
5013,LOW
5014,LOW
5015,LOW
5016,LOW
5017,LOW
5018,LOW
5019,LOW
5020,LOW
5021,LOW
5022,LOW
5023,LOW
5024,LOW
5025,LOW
5026,LOW
5027,LOW
5028,LOW
5029,LOW
5030,LOW
5031,LOW
5032,LOW
5033,LOW
5034,LOW
5035,LOW
5036,LOW
5037,LOW
5038,LOW
5039,LOW
5040,LOW
5041,LOW
5042,LOW
5043,LOW
5044,LOW
5045,LOW
5046,LOW
5047,LOW
5048,LOW
5049,LOW
5050,LOW
5051,LOW
5052,LOW
5053,LOW
5054,LOW
5055,LOW
5056,LOW
5057,LOW
5058,LOW
5059,LOW
5060,LOW
5061,LOW
5062,LOW
5063,LOW
5064,LOW
5065,LOW
5066,LOW
5067,LOW
5068,LOW
5069,LOW
5070,LOW
5071,LOW
5072,LOW
5073,LOW
5074,LOW
5075,LOW
5076,LOW
5077,LOW
5078,LOW
5079,LOW
5080,LOW
5081,LOW
5082,LOW
5083,LOW
5084,LOW
5085,LOW
5086,LOW
5087,LOW
5088,LOW
5089,LOW
5090,LOW
5091,LOW
5092,LOW
5093,LOW
5094,LOW
5095,LOW
5096,LOW
5097,LOW
5098,LOW
5099,LOW
5100,LOW
5101,LOW
5102,LOW
5103,LOW
5104,LOW
5105,LOW
5106,LOW
5107,LOW
5108,LOW
5109,LOW
5110,LOW
5111,LOW
5112,LOW
5113,LOW
5114,LOW
5115,LOW
5116,LOW
5117,LOW
5118,LOW
5119,LOW
5120,LOW
5121,LOW
5122,LOW
5123,LOW
5124,LOW
5125,LOW
5126,LOW
5127,LOW
5128,LOW
5129,LOW
5130,LOW
5131,LOW
5132,LOW
5133,LOW
5134,LOW
5135,LOW
5136,LOW
5137,LOW
5138,LOW
5139,LOW
5140,LOW
5141,LOW
5142,LOW
5143,LOW
5144,LOW
5145,LOW
5146,LOW
5147,LOW
5148,LOW
5149,LOW
5150,LOW
5151,LOW
5152,LOW
5153,LOW
5154,LOW
5155,LOW
5156,LOW
5157,LOW
5158,LOW
5159,LOW
5160,LOW
5161,LOW
5162,LOW
5163,LOW
5164,LOW
5165,LOW
5166,LOW
5167,LOW
5168,LOW
5169,LOW
5170,LOW
5171,LOW
5172,LOW
5173,LOW
5174,LOW
5175,LOW
5176,LOW
5177,LOW
5178,LOW
5179,LOW
5180,LOW
5181,LOW
5182,LOW
5183,LOW
5184,LOW
5185,LOW
5186,LOW
5187,LOW
5188,LOW
5189,LOW
5190,LOW
5191,LOW
5192,LOW
5193,LOW
5194,LOW
5195,LOW
5196,LOW
5197,LOW
5198,LOW
5199,LOW
5200,LOW
5201,LOW
5202,LOW
5203,LOW
5204,LOW
5205,LOW
5206,LOW
5207,LOW
5208,LOW
5209,LOW
5210,LOW
5211,LOW
5212,LOW
5213,LOW
5214,LOW
5215,LOW
5216,LOW
5217,LOW
5218,LOW
5219,LOW
5220,LOW
5221,LOW
5222,LOW
5223,LOW
5224,LOW
5225,LOW
5226,LOW
5227,LOW
5228,LOW
5229,LOW
5230,LOW
5231,LOW
5232,LOW
5233,LOW
5234,LOW
5235,LOW
5236,LOW
5237,LOW
5238,LOW
5239,LOW
5240,LOW
5241,LOW
5242,LOW
5243,LOW
5244,LOW
5245,LOW
5246,LOW
5247,LOW
5248,LOW
5249,LOW
5250,LOW
5251,LOW
5252,LOW
5253,LOW
5254,LOW
5255,LOW
5256,LOW
5257,LOW
5258,LOW
5259,LOW
5260,LOW
5261,LOW
5262,LOW
5263,LOW
5264,LOW
5265,LOW
5266,LOW
5267,LOW
5268,LOW
5269,LOW
5270,LOW
5271,LOW
5272,LOW
5273,LOW
5274,LOW
5275,LOW
5276,LOW
5277,LOW
5278,LOW
5279,LOW
5280,LOW
5281,LOW
5282,LOW
5283,LOW
5284,LOW
5285,LOW
5286,LOW
5287,LOW
5288,LOW
5289,LOW
5290,LOW
5291,LOW
5292,LOW
5293,LOW
5294,LOW
5295,LOW
5296,LOW
5297,LOW
5298,LOW
5299,LOW
5300,LOW
5301,LOW
5302,LOW
5303,LOW
5304,LOW
5305,LOW
5306,LOW
5307,LOW
5308,LOW
5309,LOW
5310,LOW
5311,LOW
5312,LOW
5313,LOW
5314,LOW
5315,LOW
5316,LOW
5317,LOW
5318,LOW
5319,LOW
5320,LOW
5321,LOW
5322,LOW
5323,LOW
5324,LOW
5325,LOW
5326,LOW
5327,LOW
5328,LOW
5329,LOW
5330,LOW
5331,LOW
5332,LOW
5333,LOW
5334,LOW
5335,LOW
5336,LOW
5337,LOW
5338,LOW
5339,LOW
5340,LOW
5341,LOW
5342,LOW
5343,LOW
5344,LOW
5345,LOW
5346,LOW
5347,LOW
5348,LOW
5349,LOW
5350,LOW
5351,LOW
5352,LOW
5353,LOW
5354,LOW
5355,LOW
5356,LOW
5357,LOW
5358,LOW
5359,LOW
5360,LOW
5361,LOW
5362,LOW
5363,LOW
5364,LOW
5365,LOW
5366,LOW
5367,LOW
5368,LOW
5369,LOW
5370,LOW
5371,LOW
5372,LOW
5373,LOW
5374,LOW
5375,LOW
5376,LOW
5377,LOW
5378,LOW
5379,LOW
5380,LOW
5381,LOW
5382,LOW
5383,LOW
5384,LOW
5385,LOW
5386,LOW
5387,LOW
5388,LOW
5389,LOW
5390,LOW
5391,LOW
5392,LOW
5393,LOW
5394,LOW
5395,LOW
5396,LOW
5397,LOW
5398,LOW
5399,LOW
5400,LOW
5401,LOW
5402,LOW
5403,LOW
5404,LOW
5405,LOW
5406,LOW
5407,LOW
5408,LOW
5409,LOW
5410,LOW
5411,LOW
5412,LOW
5413,LOW
5414,LOW
5415,LOW
5416,LOW
5417,LOW
5418,LOW
5419,LOW
5420,LOW
5421,LOW
5422,LOW
5423,LOW
5424,LOW
5425,LOW
5426,LOW
5427,LOW
5428,LOW
5429,LOW
5430,LOW
5431,LOW
5432,LOW
5433,LOW
5434,LOW
5435,LOW
5436,LOW
5437,LOW
5438,LOW
5439,LOW
5440,LOW
5441,LOW
5442,LOW
5443,LOW
5444,LOW
5445,LOW
5446,LOW
5447,LOW
5448,LOW
5449,LOW
5450,LOW
5451,LOW
5452,LOW
5453,LOW
5454,LOW
5455,LOW
5456,LOW
5457,LOW
5458,LOW
5459,LOW
5460,LOW
5461,LOW
5462,LOW
5463,LOW
5464,LOW
5465,LOW
5466,LOW
5467,LOW
5468,LOW
5469,LOW
5470,LOW
5471,LOW
5472,LOW
5473,LOW
5474,LOW
5475,LOW
5476,LOW
5477,LOW
5478,LOW
5479,LOW
5480,LOW
5481,LOW
5482,LOW
5483,LOW
5484,LOW
5485,LOW
5486,LOW
5487,LOW
5488,LOW
5489,LOW
5490,LOW
5491,LOW
5492,LOW
5493,LOW
5494,LOW
5495,LOW
5496,LOW
5497,LOW
5498,LOW
5499,LOW
5500,LOW
5501,LOW
5502,LOW
5503,LOW
5504,LOW
5505,LOW
5506,LOW
5507,LOW
5508,LOW
5509,LOW
5510,LOW
5511,LOW
5512,LOW
5513,LOW
5514,LOW
5515,LOW
5516,LOW
5517,LOW
5518,LOW
5519,LOW
5520,LOW
5521,LOW
5522,LOW
5523,LOW
5524,LOW
5525,LOW
5526,LOW
5527,LOW
5528,LOW
5529,LOW
5530,LOW
5531,LOW
5532,LOW
5533,LOW
5534,LOW
5535,LOW
5536,LOW
5537,LOW
5538,LOW
5539,LOW
5540,LOW
5541,LOW
5542,LOW
5543,LOW
5544,LOW
5545,LOW
5546,LOW
5547,LOW
5548,LOW
5549,LOW
5550,LOW
5551,LOW
5552,LOW
5553,LOW
5554,LOW
5555,LOW
5556,LOW
5557,LOW
5558,LOW
5559,LOW
5560,LOW
5561,LOW
5562,LOW
5563,LOW
5564,LOW
5565,LOW
5566,LOW
5567,LOW
5568,LOW
5569,LOW
5570,LOW
5571,LOW
5572,LOW
5573,LOW
5574,LOW
5575,LOW
5576,LOW
5577,LOW
5578,LOW
5579,LOW
5580,LOW
5581,LOW
5582,LOW
5583,LOW
5584,LOW
5585,LOW
5586,LOW
5587,LOW
5588,LOW
5589,LOW
5590,LOW
5591,LOW
5592,LOW
5593,LOW
5594,LOW
5595,LOW
5596,LOW
5597,LOW
5598,LOW
5599,LOW
5600,LOW
5601,LOW
5602,LOW
5603,LOW
5604,LOW
5605,LOW
5606,LOW
5607,LOW
5608,LOW
5609,LOW
5610,LOW
5611,LOW
5612,LOW
5613,LOW
5614,LOW
5615,LOW
5616,LOW
5617,LOW
5618,LOW
5619,LOW
5620,LOW
5621,LOW
5622,LOW
5623,LOW
5624,LOW
5625,LOW
5626,LOW
5627,LOW
5628,LOW
5629,LOW
5630,LOW
5631,LOW
5632,LOW
5633,LOW
5634,LOW
5635,LOW
5636,LOW
5637,LOW
5638,LOW
5639,LOW
5640,LOW
5641,LOW
5642,LOW
5643,LOW
5644,LOW
5645,LOW
5646,LOW
5647,LOW
5648,LOW
5649,LOW
5650,LOW
5651,LOW
5652,LOW
5653,LOW
5654,LOW
5655,LOW
5656,LOW
5657,LOW
5658,LOW
5659,LOW
5660,LOW
5661,LOW
5662,LOW
5663,LOW
5664,LOW
5665,LOW
5666,LOW
5667,LOW
5668,LOW
5669,LOW
5670,LOW
5671,LOW
5672,LOW
5673,LOW
5674,LOW
5675,LOW
5676,LOW
5677,LOW
5678,LOW
5679,LOW
5680,LOW
5681,LOW
5682,LOW
5683,LOW
5684,LOW
5685,LOW
5686,LOW
5687,LOW
5688,LOW
5689,LOW
5690,LOW
5691,LOW
5692,LOW
5693,LOW
5694,LOW
5695,LOW
5696,LOW
5697,LOW
5698,LOW
5699,LOW
5700,LOW
5701,LOW
5702,LOW
5703,LOW
5704,LOW
5705,LOW
5706,LOW
5707,LOW
5708,LOW
5709,LOW
5710,LOW
5711,LOW
5712,LOW
5713,LOW
5714,LOW
5715,LOW
5716,LOW
5717,LOW
5718,LOW
5719,LOW
5720,LOW
5721,LOW
5722,LOW
5723,LOW
5724,LOW
5725,LOW
5726,LOW
5727,LOW
5728,LOW
5729,LOW
5730,LOW
5731,LOW
5732,LOW
5733,LOW
5734,LOW
5735,LOW
5736,LOW
5737,LOW
5738,LOW
5739,LOW
5740,LOW
5741,LOW
5742,LOW
5743,LOW
5744,LOW
5745,LOW
5746,LOW
5747,LOW
5748,LOW
5749,LOW
5750,LOW
5751,LOW
5752,LOW
5753,LOW
5754,LOW
5755,LOW
5756,LOW
5757,LOW
5758,LOW
5759,LOW
5760,LOW
5761,LOW
5762,LOW
5763,LOW
5764,LOW
5765,LOW
5766,LOW
5767,LOW
5768,LOW
5769,LOW
5770,LOW
5771,LOW
5772,LOW
5773,LOW
5774,LOW
5775,LOW
5776,LOW
5777,LOW
5778,LOW
5779,LOW
5780,LOW
5781,LOW
5782,LOW
5783,LOW
5784,LOW
5785,LOW
5786,LOW
5787,LOW
5788,LOW
5789,LOW
5790,LOW
5791,LOW
5792,LOW
5793,LOW
5794,LOW
5795,LOW
5796,LOW
5797,LOW
5798,LOW
5799,LOW
5800,LOW
5801,LOW
5802,LOW
5803,LOW
5804,LOW
5805,LOW
5806,LOW
5807,LOW
5808,LOW
5809,LOW
5810,LOW
5811,LOW
5812,LOW
5813,LOW
5814,LOW
5815,LOW
5816,LOW
5817,LOW
5818,LOW
5819,LOW
5820,LOW
5821,LOW
5822,LOW
5823,LOW
5824,LOW
5825,LOW
5826,LOW
5827,LOW
5828,LOW
5829,LOW
5830,LOW
5831,LOW
5832,LOW
5833,LOW
5834,LOW
5835,LOW
5836,LOW
5837,LOW
5838,LOW
5839,LOW
5840,LOW
5841,LOW
5842,LOW
5843,LOW
5844,LOW
5845,LOW
5846,LOW
5847,LOW
5848,LOW
5849,LOW
5850,LOW
5851,LOW
5852,LOW
5853,LOW
5854,LOW
5855,LOW
5856,LOW
5857,LOW
5858,LOW
5859,LOW
5860,LOW
5861,LOW
5862,LOW
5863,LOW
5864,LOW
5865,LOW
5866,LOW
5867,LOW
5868,LOW
5869,LOW
5870,LOW
5871,LOW
5872,LOW
5873,LOW
5874,LOW
5875,LOW
5876,LOW
5877,LOW
5878,LOW
5879,LOW
5880,LOW
5881,LOW
5882,LOW
5883,LOW
5884,LOW
5885,LOW
5886,LOW
5887,LOW
5888,LOW
5889,LOW
5890,LOW
5891,LOW
5892,LOW
5893,LOW
5894,LOW
5895,LOW
5896,LOW
5897,LOW
5898,LOW
5899,LOW
5900,LOW
5901,LOW
5902,LOW
5903,LOW
5904,LOW
5905,LOW
5906,LOW
5907,LOW
5908,LOW
5909,LOW
5910,LOW
5911,LOW
5912,LOW
5913,LOW
5914,LOW
5915,LOW
5916,LOW
5917,LOW
5918,LOW
5919,LOW
5920,LOW
5921,LOW
5922,LOW
5923,LOW
5924,LOW
5925,LOW
5926,LOW
5927,LOW
5928,LOW
5929,LOW
5930,LOW
5931,LOW
5932,LOW
5933,LOW
5934,LOW
5935,LOW
5936,LOW
5937,LOW
5938,LOW
5939,LOW
5940,LOW
5941,LOW
5942,LOW
5943,LOW
5944,LOW
5945,LOW
5946,LOW
5947,LOW
5948,LOW
5949,LOW
5950,LOW
5951,LOW
5952,LOW
5953,LOW
5954,LOW
5955,LOW
5956,LOW
5957,LOW
5958,LOW
5959,LOW
5960,LOW
5961,LOW
5962,LOW
5963,LOW
5964,LOW
5965,LOW
5966,LOW
5967,LOW
5968,LOW
5969,LOW
5970,LOW
5971,LOW
5972,LOW
5973,LOW
5974,LOW
5975,LOW
5976,LOW
5977,LOW
5978,LOW
5979,LOW
5980,LOW
5981,LOW
5982,LOW
5983,LOW
5984,LOW
5985,LOW
5986,LOW
5987,LOW
5988,LOW
5989,LOW
5990,LOW
5991,LOW
5992,LOW
5993,LOW
5994,LOW
5995,LOW
5996,LOW
5997,LOW
5998,LOW
5999,LOW
6000,LOW
6001,LOW
6002,LOW
6003,LOW
6004,LOW
6005,LOW
6006,LOW
6007,LOW
6008,LOW
6009,LOW
6010,LOW
6011,LOW
6012,LOW
6013,LOW
6014,LOW
6015,LOW
6016,LOW
6017,LOW
6018,LOW
6019,LOW
6020,LOW
6021,LOW
6022,LOW
6023,LOW
6024,LOW
6025,LOW
6026,LOW
6027,LOW
6028,LOW
6029,LOW
6030,LOW
6031,LOW
6032,LOW
6033,LOW
6034,LOW
6035,LOW
6036,LOW
6037,LOW
6038,LOW
6039,LOW
6040,LOW
6041,LOW
6042,LOW
6043,LOW
6044,LOW
6045,LOW
6046,LOW
6047,LOW
6048,LOW
6049,LOW
6050,LOW
6051,LOW
6052,LOW
6053,LOW
6054,LOW
6055,LOW
6056,LOW
6057,LOW
6058,LOW
6059,LOW
6060,LOW
6061,LOW
6062,LOW
6063,LOW
6064,LOW
6065,LOW
6066,LOW
6067,LOW
6068,LOW
6069,LOW
6070,LOW
6071,LOW
6072,LOW
6073,LOW
6074,LOW
6075,LOW
6076,LOW
6077,LOW
6078,LOW
6079,LOW
6080,LOW
6081,LOW
6082,LOW
6083,LOW
6084,LOW
6085,LOW
6086,LOW
6087,LOW
6088,LOW
6089,LOW
6090,LOW
6091,LOW
6092,LOW
6093,LOW
6094,LOW
6095,LOW
6096,LOW
6097,LOW
6098,LOW
6099,LOW
6100,LOW
6101,LOW
6102,LOW
6103,LOW
6104,LOW
6105,LOW
6106,LOW
6107,LOW
6108,LOW
6109,LOW
6110,LOW
6111,LOW
6112,LOW
6113,LOW
6114,LOW
6115,LOW
6116,LOW
6117,LOW
6118,LOW
6119,LOW
6120,LOW
6121,LOW
6122,LOW
6123,LOW
6124,LOW
6125,LOW
6126,LOW
6127,LOW
6128,LOW
6129,LOW
6130,LOW
6131,LOW
6132,LOW
6133,LOW
6134,LOW
6135,LOW
6136,LOW
6137,LOW
6138,LOW
6139,LOW
6140,LOW
6141,LOW
6142,LOW
6143,LOW
6144,LOW
6145,LOW
6146,LOW
6147,LOW
6148,LOW
6149,LOW
6150,LOW
6151,LOW
6152,LOW
6153,LOW
6154,LOW
6155,LOW
6156,LOW
6157,LOW
6158,LOW
6159,LOW
6160,LOW
6161,LOW
6162,LOW
6163,LOW
6164,LOW
6165,LOW
6166,LOW
6167,LOW
6168,LOW
6169,LOW
6170,LOW
6171,LOW
6172,LOW
6173,LOW
6174,LOW
6175,LOW
6176,LOW
6177,LOW
6178,LOW
6179,LOW
6180,LOW
6181,LOW
6182,LOW
6183,LOW
6184,LOW
6185,LOW
6186,LOW
6187,LOW
6188,LOW
6189,LOW
6190,LOW
6191,LOW
6192,LOW
6193,LOW
6194,LOW
6195,LOW
6196,LOW
6197,LOW
6198,LOW
6199,LOW
6200,LOW
6201,LOW
6202,LOW
6203,LOW
6204,LOW
6205,LOW
6206,LOW
6207,LOW
6208,LOW
6209,LOW
6210,LOW
6211,LOW
6212,LOW
6213,LOW
6214,LOW
6215,LOW
6216,LOW
6217,LOW
6218,LOW
6219,LOW
6220,LOW
6221,LOW
6222,LOW
6223,LOW
6224,LOW
6225,LOW
6226,LOW
6227,LOW
6228,LOW
6229,LOW
6230,LOW
6231,LOW
6232,LOW
6233,LOW
6234,LOW
6235,LOW
6236,LOW
6237,LOW
6238,LOW
6239,LOW
6240,LOW
6241,LOW
6242,LOW
6243,LOW
6244,LOW
6245,LOW
6246,LOW
6247,LOW
6248,LOW
6249,LOW
6250,LOW
6251,LOW
6252,LOW
6253,LOW
6254,LOW
6255,LOW
6256,LOW
6257,LOW
6258,LOW
6259,LOW
6260,LOW
6261,LOW
6262,LOW
6263,LOW
6264,LOW
6265,LOW
6266,LOW
6267,LOW
6268,LOW
6269,LOW
6270,LOW
6271,LOW
6272,LOW
6273,LOW
6274,LOW
6275,LOW
6276,LOW
6277,LOW
6278,LOW
6279,LOW
6280,LOW
6281,LOW
6282,LOW
6283,LOW
6284,LOW
6285,LOW
6286,LOW
6287,LOW
6288,LOW
6289,LOW
6290,LOW
6291,LOW
6292,LOW
6293,LOW
6294,LOW
6295,LOW
6296,LOW
6297,LOW
6298,LOW
6299,LOW
6300,LOW
6301,LOW
6302,LOW
6303,LOW
6304,LOW
6305,LOW
6306,LOW
6307,LOW
6308,LOW
6309,LOW
6310,LOW
6311,LOW
6312,LOW
6313,LOW
6314,LOW
6315,LOW
6316,LOW
6317,LOW
6318,LOW
6319,LOW
6320,LOW
6321,LOW
6322,LOW
6323,LOW
6324,LOW
6325,LOW
6326,LOW
6327,LOW
6328,LOW
6329,LOW
6330,LOW
6331,LOW
6332,LOW
6333,LOW
6334,LOW
6335,LOW
6336,LOW
6337,LOW
6338,LOW
6339,LOW
6340,LOW
6341,LOW
6342,LOW
6343,LOW
6344,LOW
6345,LOW
6346,LOW
6347,LOW
6348,LOW
6349,LOW
6350,LOW
6351,LOW
6352,LOW
6353,LOW
6354,LOW
6355,LOW
6356,LOW
6357,LOW
6358,LOW
6359,LOW
6360,LOW
6361,LOW
6362,LOW
6363,LOW
6364,LOW
6365,LOW
6366,LOW
6367,LOW
6368,LOW
6369,LOW
6370,LOW
6371,LOW
6372,LOW
6373,LOW
6374,LOW
6375,LOW
6376,LOW
6377,LOW
6378,LOW
6379,LOW
6380,LOW
6381,LOW
6382,LOW
6383,LOW
6384,LOW
6385,LOW
6386,LOW
6387,LOW
6388,LOW
6389,LOW
6390,LOW
6391,LOW
6392,LOW
6393,LOW
6394,LOW
6395,LOW
6396,LOW
6397,LOW
6398,LOW
6399,LOW
6400,LOW
6401,LOW
6402,LOW
6403,LOW
6404,LOW
6405,LOW
6406,LOW
6407,LOW
6408,LOW
6409,LOW
6410,LOW
6411,LOW
6412,LOW
6413,LOW
6414,LOW
6415,LOW
6416,LOW
6417,LOW
6418,LOW
6419,LOW
6420,LOW
6421,LOW
6422,LOW
6423,LOW
6424,LOW
6425,LOW
6426,LOW
6427,LOW
6428,LOW
6429,LOW
6430,LOW
6431,LOW
6432,LOW
6433,LOW
6434,LOW
6435,LOW
6436,LOW
6437,LOW
6438,LOW
6439,LOW
6440,LOW
6441,LOW
6442,LOW
6443,LOW
6444,LOW
6445,LOW
6446,LOW
6447,LOW
6448,LOW
6449,LOW
6450,LOW
6451,LOW
6452,LOW
6453,LOW
6454,LOW
6455,LOW
6456,LOW
6457,LOW
6458,LOW
6459,LOW
6460,LOW
6461,LOW
6462,LOW
6463,LOW
6464,LOW
6465,LOW
6466,LOW
6467,LOW
6468,LOW
6469,LOW
6470,LOW
6471,LOW
6472,LOW
6473,LOW
6474,LOW
6475,LOW
6476,LOW
6477,LOW
6478,LOW
6479,LOW
6480,LOW
6481,LOW
6482,LOW
6483,LOW
6484,LOW
6485,LOW
6486,LOW
6487,LOW
6488,LOW
6489,LOW
6490,LOW
6491,LOW
6492,LOW
6493,LOW
6494,LOW
6495,LOW
6496,LOW
6497,LOW
6498,LOW
6499,LOW
6500,LOW
6501,LOW
6502,LOW
6503,LOW
6504,LOW
6505,LOW
6506,LOW
6507,LOW
6508,LOW
6509,LOW
6510,LOW
6511,LOW
6512,LOW
6513,LOW
6514,LOW
6515,LOW
6516,LOW
6517,LOW
6518,LOW
6519,LOW
6520,LOW
6521,LOW
6522,LOW
6523,LOW
6524,LOW
6525,LOW
6526,LOW
6527,LOW
6528,LOW
6529,LOW
6530,LOW
6531,LOW
6532,LOW
6533,LOW
6534,LOW
6535,LOW
6536,LOW
6537,LOW
6538,LOW
6539,LOW
6540,LOW
6541,LOW
6542,LOW
6543,LOW
6544,LOW
6545,LOW
6546,LOW
6547,LOW
6548,LOW
6549,LOW
6550,LOW
6551,LOW
6552,LOW
6553,LOW
6554,LOW
6555,LOW
6556,LOW
6557,LOW
6558,LOW
6559,LOW
6560,LOW
6561,LOW
6562,LOW
6563,LOW
6564,LOW
6565,LOW
6566,LOW
6567,LOW
6568,LOW
6569,LOW
6570,LOW
6571,LOW
6572,LOW
6573,LOW
6574,LOW
6575,LOW
6576,LOW
6577,LOW
6578,LOW
6579,LOW
6580,LOW
6581,LOW
6582,LOW
6583,LOW
6584,LOW
6585,LOW
6586,LOW
6587,LOW
6588,LOW
6589,LOW
6590,LOW
6591,LOW
6592,LOW
6593,LOW
6594,LOW
6595,LOW
6596,LOW
6597,LOW
6598,LOW
6599,LOW
6600,LOW
6601,LOW
6602,LOW
6603,LOW
6604,LOW
6605,LOW
6606,LOW
6607,LOW
6608,LOW
6609,LOW
6610,LOW
6611,LOW
6612,LOW
6613,LOW
6614,LOW
6615,LOW
6616,LOW
6617,LOW
6618,LOW
6619,LOW
6620,LOW
6621,LOW
6622,LOW
6623,LOW
6624,LOW
6625,LOW
6626,LOW
6627,LOW
6628,LOW
6629,LOW
6630,LOW
6631,LOW
6632,LOW
6633,LOW
6634,LOW
6635,LOW
6636,LOW
6637,LOW
6638,LOW
6639,LOW
6640,LOW
6641,LOW
6642,LOW
6643,LOW
6644,LOW
6645,LOW
6646,LOW
6647,LOW
6648,LOW
6649,LOW
6650,LOW
6651,LOW
6652,LOW
6653,LOW
6654,LOW
6655,LOW
6656,LOW
6657,LOW
6658,LOW
6659,LOW
6660,LOW
6661,LOW
6662,LOW
6663,LOW
6664,LOW
6665,LOW
6666,LOW
6667,LOW
6668,LOW
6669,LOW
6670,LOW
6671,LOW
6672,LOW
6673,LOW
6674,LOW
6675,LOW
6676,LOW
6677,LOW
6678,LOW
6679,LOW
6680,LOW
6681,LOW
6682,LOW
6683,LOW
6684,LOW
6685,LOW
6686,LOW
6687,LOW
6688,LOW
6689,LOW
6690,LOW
6691,LOW
6692,LOW
6693,LOW
6694,LOW
6695,LOW
6696,LOW
6697,LOW
6698,LOW
6699,LOW
6700,LOW
6701,LOW
6702,LOW
6703,LOW
6704,LOW
6705,LOW
6706,LOW
6707,LOW
6708,LOW
6709,LOW
6710,LOW
6711,LOW
6712,LOW
6713,LOW
6714,LOW
6715,LOW
6716,LOW
6717,LOW
6718,LOW
6719,LOW
6720,LOW
6721,LOW
6722,LOW
6723,LOW
6724,LOW
6725,LOW
6726,LOW
6727,LOW
6728,LOW
6729,LOW
6730,LOW
6731,LOW
6732,LOW
6733,LOW
6734,LOW
6735,LOW
6736,LOW
6737,LOW
6738,LOW
6739,LOW
6740,LOW
6741,LOW
6742,LOW
6743,LOW
6744,LOW
6745,LOW
6746,LOW
6747,LOW
6748,LOW
6749,LOW
6750,LOW
6751,LOW
6752,LOW
6753,LOW
6754,LOW
6755,LOW
6756,LOW
6757,LOW
6758,LOW
6759,LOW
6760,LOW
6761,LOW
6762,LOW
6763,LOW
6764,LOW
6765,LOW
6766,LOW
6767,LOW
6768,LOW
6769,LOW
6770,LOW
6771,LOW
6772,LOW
6773,LOW
6774,LOW
6775,LOW
6776,LOW
6777,LOW
6778,LOW
6779,LOW
6780,LOW
6781,LOW
6782,LOW
6783,LOW
6784,LOW
6785,LOW
6786,LOW
6787,LOW
6788,LOW
6789,LOW
6790,LOW
6791,LOW
6792,LOW
6793,LOW
6794,LOW
6795,LOW
6796,LOW
6797,LOW
6798,LOW
6799,LOW
6800,LOW
6801,LOW
6802,LOW
6803,LOW
6804,LOW
6805,LOW
6806,LOW
6807,LOW
6808,LOW
6809,LOW
6810,LOW
6811,LOW
6812,LOW
6813,LOW
6814,LOW
6815,LOW
6816,LOW
6817,LOW
6818,LOW
6819,LOW
6820,LOW
6821,LOW
6822,LOW
6823,LOW
6824,LOW
6825,LOW
6826,LOW
6827,LOW
6828,LOW
6829,LOW
6830,LOW
6831,LOW
6832,LOW
6833,LOW
6834,LOW
6835,LOW
6836,LOW
6837,LOW
6838,LOW
6839,LOW
6840,LOW
6841,LOW
6842,LOW
6843,LOW
6844,LOW
6845,LOW
6846,LOW
6847,LOW
6848,LOW
6849,LOW
6850,LOW
6851,LOW
6852,LOW
6853,LOW
6854,LOW
6855,LOW
6856,LOW
6857,LOW
6858,LOW
6859,LOW
6860,LOW
6861,LOW
6862,LOW
6863,LOW
6864,LOW
6865,LOW
6866,LOW
6867,LOW
6868,LOW
6869,LOW
6870,LOW
6871,LOW
6872,LOW
6873,LOW
6874,LOW
6875,LOW
6876,LOW
6877,LOW
6878,LOW
6879,LOW
6880,LOW
6881,LOW
6882,LOW
6883,LOW
6884,LOW
6885,LOW
6886,LOW
6887,LOW
6888,LOW
6889,LOW
6890,LOW
6891,LOW
6892,LOW
6893,LOW
6894,LOW
6895,LOW
6896,LOW
6897,LOW
6898,LOW
6899,LOW
6900,LOW
6901,LOW
6902,LOW
6903,LOW
6904,LOW
6905,LOW
6906,LOW
6907,LOW
6908,LOW
6909,LOW
6910,LOW
6911,LOW
6912,LOW
6913,LOW
6914,LOW
6915,LOW
6916,LOW
6917,LOW
6918,LOW
6919,LOW
6920,LOW
6921,LOW
6922,LOW
6923,LOW
6924,LOW
6925,LOW
6926,LOW
6927,LOW
6928,LOW
6929,LOW
6930,LOW
6931,LOW
6932,LOW
6933,LOW
6934,LOW
6935,LOW
6936,LOW
6937,LOW
6938,LOW
6939,LOW
6940,LOW
6941,LOW
6942,LOW
6943,LOW
6944,LOW
6945,LOW
6946,LOW
6947,LOW
6948,LOW
6949,LOW
6950,LOW
6951,LOW
6952,LOW
6953,LOW
6954,LOW
6955,LOW
6956,LOW
6957,LOW
6958,LOW
6959,LOW
6960,LOW
6961,LOW
6962,LOW
6963,LOW
6964,LOW
6965,LOW
6966,LOW
6967,LOW
6968,LOW
6969,LOW
6970,LOW
6971,LOW
6972,LOW
6973,LOW
6974,LOW
6975,LOW
6976,LOW
6977,LOW
6978,LOW
6979,LOW
6980,LOW
6981,LOW
6982,LOW
6983,LOW
6984,LOW
6985,LOW
6986,LOW
6987,LOW
6988,LOW
6989,LOW
6990,LOW
6991,LOW
6992,LOW
6993,LOW
6994,LOW
6995,LOW
6996,LOW
6997,LOW
6998,LOW
6999,LOW
7000,LOW
7001,LOW
7002,LOW
7003,LOW
7004,LOW
7005,LOW
7006,LOW
7007,LOW
7008,LOW
7009,LOW
7010,LOW
7011,LOW
7012,LOW
7013,LOW
7014,LOW
7015,LOW
7016,LOW
7017,LOW
7018,LOW
7019,LOW
7020,LOW
7021,LOW
7022,LOW
7023,LOW
7024,LOW
7025,LOW
7026,LOW
7027,LOW
7028,LOW
7029,LOW
7030,LOW
7031,LOW
7032,LOW
7033,LOW
7034,LOW
7035,LOW
7036,LOW
7037,LOW
7038,LOW
7039,LOW
7040,LOW
7041,LOW
7042,LOW
7043,LOW
7044,LOW
7045,LOW
7046,LOW
7047,LOW
7048,LOW
7049,LOW
7050,LOW
7051,LOW
7052,LOW
7053,LOW
7054,LOW
7055,LOW
7056,LOW
7057,LOW
7058,LOW
7059,LOW
7060,LOW
7061,LOW
7062,LOW
7063,LOW
7064,LOW
7065,LOW
7066,LOW
7067,LOW
7068,LOW
7069,LOW
7070,LOW
7071,LOW
7072,LOW
7073,LOW
7074,LOW
7075,LOW
7076,LOW
7077,LOW
7078,LOW
7079,LOW
7080,LOW
7081,LOW
7082,LOW
7083,LOW
7084,LOW
7085,LOW
7086,LOW
7087,LOW
7088,LOW
7089,LOW
7090,LOW
7091,LOW
7092,LOW
7093,LOW
7094,LOW
7095,LOW
7096,LOW
7097,LOW
7098,LOW
7099,LOW
7100,LOW
7101,LOW
7102,LOW
7103,LOW
7104,LOW
7105,LOW
7106,LOW
7107,LOW
7108,LOW
7109,LOW
7110,LOW
7111,LOW
7112,LOW
7113,LOW
7114,LOW
7115,LOW
7116,LOW
7117,LOW
7118,LOW
7119,LOW
7120,LOW
7121,LOW
7122,LOW
7123,LOW
7124,LOW
7125,LOW
7126,LOW
7127,LOW
7128,LOW
7129,LOW
7130,LOW
7131,LOW
7132,LOW
7133,LOW
7134,LOW
7135,LOW
7136,LOW
7137,LOW
7138,LOW
7139,LOW
7140,LOW
7141,LOW
7142,LOW
7143,LOW
7144,LOW
7145,LOW
7146,LOW
7147,LOW
7148,LOW
7149,LOW
7150,LOW
7151,LOW
7152,LOW
7153,LOW
7154,LOW
7155,LOW
7156,LOW
7157,LOW
7158,LOW
7159,LOW
7160,LOW
7161,LOW
7162,LOW
7163,LOW
7164,LOW
7165,LOW
7166,LOW
7167,LOW
7168,LOW
7169,LOW
7170,LOW
7171,LOW
7172,LOW
7173,LOW
7174,LOW
7175,LOW
7176,LOW
7177,LOW
7178,LOW
7179,LOW
7180,LOW
7181,LOW
7182,LOW
7183,LOW
7184,LOW
7185,LOW
7186,LOW
7187,LOW
7188,LOW
7189,LOW
7190,LOW
7191,LOW
7192,LOW
7193,LOW
7194,LOW
7195,LOW
7196,LOW
7197,LOW
7198,LOW
7199,LOW
7200,LOW
7201,LOW
7202,LOW
7203,LOW
7204,LOW
7205,LOW
7206,LOW
7207,LOW
7208,LOW
7209,LOW
7210,LOW
7211,LOW
7212,LOW
7213,LOW
7214,LOW
7215,LOW
7216,LOW
7217,LOW
7218,LOW
7219,LOW
7220,LOW
7221,LOW
7222,LOW
7223,LOW
7224,LOW
7225,LOW
7226,LOW
7227,LOW
7228,LOW
7229,LOW
7230,LOW
7231,LOW
7232,LOW
7233,LOW
7234,LOW
7235,LOW
7236,LOW
7237,LOW
7238,LOW
7239,LOW
7240,LOW
7241,LOW
7242,LOW
7243,LOW
7244,LOW
7245,LOW
7246,LOW
7247,LOW
7248,LOW
7249,LOW
7250,LOW
7251,LOW
7252,LOW
7253,LOW
7254,LOW
7255,LOW
7256,LOW
7257,LOW
7258,LOW
7259,LOW
7260,LOW
7261,LOW
7262,LOW
7263,LOW
7264,LOW
7265,LOW
7266,LOW
7267,LOW
7268,LOW
7269,LOW
7270,LOW
7271,LOW
7272,LOW
7273,LOW
7274,LOW
7275,LOW
7276,LOW
7277,LOW
7278,LOW
7279,LOW
7280,LOW
7281,LOW
7282,LOW
7283,LOW
7284,LOW
7285,LOW
7286,LOW
7287,LOW
7288,LOW
7289,LOW
7290,LOW
7291,LOW
7292,LOW
7293,LOW
7294,LOW
7295,LOW
7296,LOW
7297,LOW
7298,LOW
7299,LOW
7300,LOW
7301,LOW
7302,LOW
7303,LOW
7304,LOW
7305,LOW
7306,LOW
7307,LOW
7308,LOW
7309,LOW
7310,LOW
7311,LOW
7312,LOW
7313,LOW
7314,LOW
7315,LOW
7316,LOW
7317,LOW
7318,LOW
7319,LOW
7320,LOW
7321,LOW
7322,LOW
7323,LOW
7324,LOW
7325,LOW
7326,LOW
7327,LOW
7328,LOW
7329,LOW
7330,LOW
7331,LOW
7332,LOW
7333,LOW
7334,LOW
7335,LOW
7336,LOW
7337,LOW
7338,LOW
7339,LOW
7340,LOW
7341,LOW
7342,LOW
7343,LOW
7344,LOW
7345,LOW
7346,LOW
7347,LOW
7348,LOW
7349,LOW
7350,LOW
7351,LOW
7352,LOW
7353,LOW
7354,LOW
7355,LOW
7356,LOW
7357,LOW
7358,LOW
7359,LOW
7360,LOW
7361,LOW
7362,LOW
7363,LOW
7364,LOW
7365,LOW
7366,LOW
7367,LOW
7368,LOW
7369,LOW
7370,LOW
7371,LOW
7372,LOW
7373,LOW
7374,LOW
7375,LOW
7376,LOW
7377,LOW
7378,LOW
7379,LOW
7380,LOW
7381,LOW
7382,LOW
7383,LOW
7384,LOW
7385,LOW
7386,LOW
7387,LOW
7388,LOW
7389,LOW
7390,LOW
7391,LOW
7392,LOW
7393,LOW
7394,LOW
7395,LOW
7396,LOW
7397,LOW
7398,LOW
7399,LOW
7400,LOW
7401,LOW
7402,LOW
7403,LOW
7404,LOW
7405,LOW
7406,LOW
7407,LOW
7408,LOW
7409,LOW
7410,LOW
7411,LOW
7412,LOW
7413,LOW
7414,LOW
7415,LOW
7416,LOW
7417,LOW
7418,LOW
7419,LOW
7420,LOW
7421,LOW
7422,LOW
7423,LOW
7424,LOW
7425,LOW
7426,LOW
7427,LOW
7428,LOW
7429,LOW
7430,LOW
7431,LOW
7432,LOW
7433,LOW
7434,LOW
7435,LOW
7436,LOW
7437,LOW
7438,LOW
7439,LOW
7440,LOW
7441,LOW
7442,LOW
7443,LOW
7444,LOW
7445,LOW
7446,LOW
7447,LOW
7448,LOW
7449,LOW
7450,LOW
7451,LOW
7452,LOW
7453,LOW
7454,LOW
7455,LOW
7456,LOW
7457,LOW
7458,LOW
7459,LOW
7460,LOW
7461,LOW
7462,LOW
7463,LOW
7464,LOW
7465,LOW
7466,LOW
7467,LOW
7468,LOW
7469,LOW
7470,LOW
7471,LOW
7472,LOW
7473,LOW
7474,LOW
7475,LOW
7476,LOW
7477,LOW
7478,LOW
7479,LOW
7480,LOW
7481,LOW
7482,LOW
7483,LOW
7484,LOW
7485,LOW
7486,LOW
7487,LOW
7488,LOW
7489,LOW
7490,LOW
7491,LOW
7492,LOW
7493,LOW
7494,LOW
7495,LOW
7496,LOW
7497,LOW
7498,LOW
7499,LOW
7500,LOW
7501,LOW
7502,LOW
7503,LOW
7504,LOW
7505,LOW
7506,LOW
7507,LOW
7508,LOW
7509,LOW
7510,LOW
7511,LOW
7512,LOW
7513,LOW
7514,LOW
7515,LOW
7516,LOW
7517,LOW
7518,LOW
7519,LOW
7520,LOW
7521,LOW
7522,LOW
7523,LOW
7524,LOW
7525,LOW
7526,LOW
7527,LOW
7528,LOW
7529,LOW
7530,LOW
7531,LOW
7532,LOW
7533,LOW
7534,LOW
7535,LOW
7536,LOW
7537,LOW
7538,LOW
7539,LOW
7540,LOW
7541,LOW
7542,LOW
7543,LOW
7544,LOW
7545,LOW
7546,LOW
7547,LOW
7548,LOW
7549,LOW
7550,LOW
7551,LOW
7552,LOW
7553,LOW
7554,LOW
7555,LOW
7556,LOW
7557,LOW
7558,LOW
7559,LOW
7560,LOW
7561,LOW
7562,LOW
7563,LOW
7564,LOW
7565,LOW
7566,LOW
7567,LOW
7568,LOW
7569,LOW
7570,LOW
7571,LOW
7572,LOW
7573,LOW
7574,LOW
7575,LOW
7576,LOW
7577,LOW
7578,LOW
7579,LOW
7580,LOW
7581,LOW
7582,LOW
7583,LOW
7584,LOW
7585,LOW
7586,LOW
7587,LOW
7588,LOW
7589,LOW
7590,LOW
7591,LOW
7592,LOW
7593,LOW
7594,LOW
7595,LOW
7596,LOW
7597,LOW
7598,LOW
7599,LOW
7600,LOW
7601,LOW
7602,LOW
7603,LOW
7604,LOW
7605,LOW
7606,LOW
7607,LOW
7608,LOW
7609,LOW
7610,LOW
7611,LOW
7612,LOW
7613,LOW
7614,LOW
7615,LOW
7616,LOW
7617,LOW
7618,LOW
7619,LOW
7620,LOW
7621,LOW
7622,LOW
7623,LOW
7624,LOW
7625,LOW
7626,LOW
7627,LOW
7628,LOW
7629,LOW
7630,LOW
7631,LOW
7632,LOW
7633,LOW
7634,LOW
7635,LOW
7636,LOW
7637,LOW
7638,LOW
7639,LOW
7640,LOW
7641,LOW
7642,LOW
7643,LOW
7644,LOW
7645,LOW
7646,LOW
7647,LOW
7648,LOW
7649,LOW
7650,LOW
7651,LOW
7652,LOW
7653,LOW
7654,LOW
7655,LOW
7656,LOW
7657,LOW
7658,LOW
7659,LOW
7660,LOW
7661,LOW
7662,LOW
7663,LOW
7664,LOW
7665,LOW
7666,LOW
7667,LOW
7668,LOW
7669,LOW
7670,LOW
7671,LOW
7672,LOW
7673,LOW
7674,LOW
7675,LOW
7676,LOW
7677,LOW
7678,LOW
7679,LOW
7680,LOW
7681,LOW
7682,LOW
7683,LOW
7684,LOW
7685,LOW
7686,LOW
7687,LOW
7688,LOW
7689,LOW
7690,LOW
7691,LOW
7692,LOW
7693,LOW
7694,LOW
7695,LOW
7696,LOW
7697,LOW
7698,LOW
7699,LOW
7700,LOW
7701,LOW
7702,LOW
7703,LOW
7704,LOW
7705,LOW
7706,LOW
7707,LOW
7708,LOW
7709,LOW
7710,LOW
7711,LOW
7712,LOW
7713,LOW
7714,LOW
7715,LOW
7716,LOW
7717,LOW
7718,LOW
7719,LOW
7720,LOW
7721,LOW
7722,LOW
7723,LOW
7724,LOW
7725,LOW
7726,LOW
7727,LOW
7728,LOW
7729,LOW
7730,LOW
7731,LOW
7732,LOW
7733,LOW
7734,LOW
7735,LOW
7736,LOW
7737,LOW
7738,LOW
7739,LOW
7740,LOW
7741,LOW
7742,LOW
7743,LOW
7744,LOW
7745,LOW
7746,LOW
7747,LOW
7748,LOW
7749,LOW
7750,LOW
7751,LOW
7752,LOW
7753,LOW
7754,LOW
7755,LOW
7756,LOW
7757,LOW
7758,LOW
7759,LOW
7760,LOW
7761,LOW
7762,LOW
7763,LOW
7764,LOW
7765,LOW
7766,LOW
7767,LOW
7768,LOW
7769,LOW
7770,LOW
7771,LOW
7772,LOW
7773,LOW
7774,LOW
7775,LOW
7776,LOW
7777,LOW
7778,LOW
7779,LOW
7780,LOW
7781,LOW
7782,LOW
7783,LOW
7784,LOW
7785,LOW
7786,LOW
7787,LOW
7788,LOW
7789,LOW
7790,LOW
7791,LOW
7792,LOW
7793,LOW
7794,LOW
7795,LOW
7796,LOW
7797,LOW
7798,LOW
7799,LOW
7800,LOW
7801,LOW
7802,LOW
7803,LOW
7804,LOW
7805,LOW
7806,LOW
7807,LOW
7808,LOW
7809,LOW
7810,LOW
7811,LOW
7812,LOW
7813,LOW
7814,LOW
7815,LOW
7816,LOW
7817,LOW
7818,LOW
7819,LOW
7820,LOW
7821,LOW
7822,LOW
7823,LOW
7824,LOW
7825,LOW
7826,LOW
7827,LOW
7828,LOW
7829,LOW
7830,LOW
7831,LOW
7832,LOW
7833,LOW
7834,LOW
7835,LOW
7836,LOW
7837,LOW
7838,LOW
7839,LOW
7840,LOW
7841,LOW
7842,LOW
7843,LOW
7844,LOW
7845,LOW
7846,LOW
7847,LOW
7848,LOW
7849,LOW
7850,LOW
7851,LOW
7852,LOW
7853,LOW
7854,LOW
7855,LOW
7856,LOW
7857,LOW
7858,LOW
7859,LOW
7860,LOW
7861,LOW
7862,LOW
7863,LOW
7864,LOW
7865,LOW
7866,LOW
7867,LOW
7868,LOW
7869,LOW
7870,LOW
7871,LOW
7872,LOW
7873,LOW
7874,LOW
7875,LOW
7876,LOW
7877,LOW
7878,LOW
7879,LOW
7880,LOW
7881,LOW
7882,LOW
7883,LOW
7884,LOW
7885,LOW
7886,LOW
7887,LOW
7888,LOW
7889,LOW
7890,LOW
7891,LOW
7892,LOW
7893,LOW
7894,LOW
7895,LOW
7896,LOW
7897,LOW
7898,LOW
7899,LOW
7900,LOW
7901,LOW
7902,LOW
7903,LOW
7904,LOW
7905,LOW
7906,LOW
7907,LOW
7908,LOW
7909,LOW
7910,LOW
7911,LOW
7912,LOW
7913,LOW
7914,LOW
7915,LOW
7916,LOW
7917,LOW
7918,LOW
7919,LOW
7920,LOW
7921,LOW
7922,LOW
7923,LOW
7924,LOW
7925,LOW
7926,LOW
7927,LOW
7928,LOW
7929,LOW
7930,LOW
7931,LOW
7932,LOW
7933,LOW
7934,LOW
7935,LOW
7936,LOW
7937,LOW
7938,LOW
7939,LOW
7940,LOW
7941,LOW
7942,LOW
7943,LOW
7944,LOW
7945,LOW
7946,LOW
7947,LOW
7948,LOW
7949,LOW
7950,LOW
7951,LOW
7952,LOW
7953,LOW
7954,LOW
7955,LOW
7956,LOW
7957,LOW
7958,LOW
7959,LOW
7960,LOW
7961,LOW
7962,LOW
7963,LOW
7964,LOW
7965,LOW
7966,LOW
7967,LOW
7968,LOW
7969,LOW
7970,LOW
7971,LOW
7972,LOW
7973,LOW
7974,LOW
7975,LOW
7976,LOW
7977,LOW
7978,LOW
7979,LOW
7980,LOW
7981,LOW
7982,LOW
7983,LOW
7984,LOW
7985,LOW
7986,LOW
7987,LOW
7988,LOW
7989,LOW
7990,LOW
7991,LOW
7992,LOW
7993,LOW
7994,LOW
7995,LOW
7996,LOW
7997,LOW
7998,LOW
7999,LOW
8000,LOW
8001,LOW
8002,LOW
8003,LOW
8004,LOW
8005,LOW
8006,LOW
8007,LOW
8008,LOW
8009,LOW
8010,LOW
8011,LOW
8012,LOW
8013,LOW
8014,LOW
8015,LOW
8016,LOW
8017,LOW
8018,LOW
8019,LOW
8020,LOW
8021,LOW
8022,LOW
8023,LOW
8024,LOW
8025,LOW
8026,LOW
8027,LOW
8028,LOW
8029,LOW
8030,LOW
8031,LOW
8032,LOW
8033,LOW
8034,LOW
8035,LOW
8036,LOW
8037,LOW
8038,LOW
8039,LOW
8040,LOW
8041,LOW
8042,LOW
8043,LOW
8044,LOW
8045,LOW
8046,LOW
8047,LOW
8048,LOW
8049,LOW
8050,LOW
8051,LOW
8052,LOW
8053,LOW
8054,LOW
8055,LOW
8056,LOW
8057,LOW
8058,LOW
8059,LOW
8060,LOW
8061,LOW
8062,LOW
8063,LOW
8064,LOW
8065,LOW
8066,LOW
8067,LOW
8068,LOW
8069,LOW
8070,LOW
8071,LOW
8072,LOW
8073,LOW
8074,LOW
8075,LOW
8076,LOW
8077,LOW
8078,LOW
8079,LOW
8080,LOW
8081,LOW
8082,LOW
8083,LOW
8084,LOW
8085,LOW
8086,LOW
8087,LOW
8088,LOW
8089,LOW
8090,LOW
8091,LOW
8092,LOW
8093,LOW
8094,LOW
8095,LOW
8096,LOW
8097,LOW
8098,LOW
8099,LOW
8100,LOW
8101,LOW
8102,LOW
8103,LOW
8104,LOW
8105,LOW
8106,LOW
8107,LOW
8108,LOW
8109,LOW
8110,LOW
8111,LOW
8112,LOW
8113,LOW
8114,LOW
8115,LOW
8116,LOW
8117,LOW
8118,LOW
8119,LOW
8120,LOW
8121,LOW
8122,LOW
8123,LOW
8124,LOW
8125,LOW
8126,LOW
8127,LOW
8128,LOW
8129,LOW
8130,LOW
8131,LOW
8132,LOW
8133,LOW
8134,LOW
8135,LOW
8136,LOW
8137,LOW
8138,LOW
8139,LOW
8140,LOW
8141,LOW
8142,LOW
8143,LOW
8144,LOW
8145,LOW
8146,LOW
8147,LOW
8148,LOW
8149,LOW
8150,LOW
8151,LOW
8152,LOW
8153,LOW
8154,LOW
8155,LOW
8156,LOW
8157,LOW
8158,LOW
8159,LOW
8160,LOW
8161,LOW
8162,LOW
8163,LOW
8164,LOW
8165,LOW
8166,LOW
8167,LOW
8168,LOW
8169,LOW
8170,LOW
8171,LOW
8172,LOW
8173,LOW
8174,LOW
8175,LOW
8176,LOW
8177,LOW
8178,LOW
8179,LOW
8180,LOW
8181,LOW
8182,LOW
8183,LOW
8184,LOW
8185,LOW
8186,LOW
8187,LOW
8188,LOW
8189,LOW
8190,LOW
8191,LOW
8192,LOW
8193,LOW
8194,LOW
8195,LOW
8196,LOW
8197,LOW
8198,LOW
8199,LOW
8200,LOW
8201,LOW
8202,LOW
8203,LOW
8204,LOW
8205,LOW
8206,LOW
8207,LOW
8208,LOW
8209,LOW
8210,LOW
8211,LOW
8212,LOW
8213,LOW
8214,LOW
8215,LOW
8216,LOW
8217,LOW
8218,LOW
8219,LOW
8220,LOW
8221,LOW
8222,LOW
8223,LOW
8224,LOW
8225,LOW
8226,LOW
8227,LOW
8228,LOW
8229,LOW
8230,LOW
8231,LOW
8232,LOW
8233,LOW
8234,LOW
8235,LOW
8236,LOW
8237,LOW
8238,LOW
8239,LOW
8240,LOW
8241,LOW
8242,LOW
8243,LOW
8244,LOW
8245,LOW
8246,LOW
8247,LOW
8248,LOW
8249,LOW
8250,LOW
8251,LOW
8252,LOW
8253,LOW
8254,LOW
8255,LOW
8256,LOW
8257,LOW
8258,LOW
8259,LOW
8260,LOW
8261,LOW
8262,LOW
8263,LOW
8264,LOW
8265,LOW
8266,LOW
8267,LOW
8268,LOW
8269,LOW
8270,LOW
8271,LOW
8272,LOW
8273,LOW
8274,LOW
8275,LOW
8276,LOW
8277,LOW
8278,LOW
8279,LOW
8280,LOW
8281,LOW
8282,LOW
8283,LOW
8284,LOW
8285,LOW
8286,LOW
8287,LOW
8288,LOW
8289,LOW
8290,LOW
8291,LOW
8292,LOW
8293,LOW
8294,LOW
8295,LOW
8296,LOW
8297,LOW
8298,LOW
8299,LOW
8300,LOW
8301,LOW
8302,LOW
8303,LOW
8304,LOW
8305,LOW
8306,LOW
8307,LOW
8308,LOW
8309,LOW
8310,LOW
8311,LOW
8312,LOW
8313,LOW
8314,LOW
8315,LOW
8316,LOW
8317,LOW
8318,LOW
8319,LOW
8320,LOW
8321,LOW
8322,LOW
8323,LOW
8324,LOW
8325,LOW
8326,LOW
8327,LOW
8328,LOW
8329,LOW
8330,LOW
8331,LOW
8332,LOW
8333,LOW
8334,LOW
8335,LOW
8336,LOW
8337,LOW
8338,LOW
8339,LOW
8340,LOW
8341,LOW
8342,LOW
8343,LOW
8344,LOW
8345,LOW
8346,LOW
8347,LOW
8348,LOW
8349,LOW
8350,LOW
8351,LOW
8352,LOW
8353,LOW
8354,LOW
8355,LOW
8356,LOW
8357,LOW
8358,LOW
8359,LOW
8360,LOW
8361,LOW
8362,LOW
8363,LOW
8364,LOW
8365,LOW
8366,LOW
8367,LOW
8368,LOW
8369,LOW
8370,LOW
8371,LOW
8372,LOW
8373,LOW
8374,LOW
8375,LOW
8376,LOW
8377,LOW
8378,LOW
8379,LOW
8380,LOW
8381,LOW
8382,LOW
8383,LOW
8384,LOW
8385,LOW
8386,LOW
8387,LOW
8388,LOW
8389,LOW
8390,LOW
8391,LOW
8392,LOW
8393,LOW
8394,LOW
8395,LOW
8396,LOW
8397,LOW
8398,LOW
8399,LOW
8400,LOW
8401,LOW
8402,LOW
8403,LOW
8404,LOW
8405,LOW
8406,LOW
8407,LOW
8408,LOW
8409,LOW
8410,LOW
8411,LOW
8412,LOW
8413,LOW
8414,LOW
8415,LOW
8416,LOW
8417,LOW
8418,LOW
8419,LOW
8420,LOW
8421,LOW
8422,LOW
8423,LOW
8424,LOW
8425,LOW
8426,LOW
8427,LOW
8428,LOW
8429,LOW
8430,LOW
8431,LOW
8432,LOW
8433,LOW
8434,LOW
8435,LOW
8436,LOW
8437,LOW
8438,LOW
8439,LOW
8440,LOW
8441,LOW
8442,LOW
8443,LOW
8444,LOW
8445,LOW
8446,LOW
8447,LOW
8448,LOW
8449,LOW
8450,LOW
8451,LOW
8452,LOW
8453,LOW
8454,LOW
8455,LOW
8456,LOW
8457,LOW
8458,LOW
8459,LOW
8460,LOW
8461,LOW
8462,LOW
8463,LOW
8464,LOW
8465,LOW
8466,LOW
8467,LOW
8468,LOW
8469,LOW
8470,LOW
8471,LOW
8472,LOW
8473,LOW
8474,LOW
8475,LOW
8476,LOW
8477,LOW
8478,LOW
8479,LOW
8480,LOW
8481,LOW
8482,LOW
8483,LOW
8484,LOW
8485,LOW
8486,LOW
8487,LOW
8488,LOW
8489,LOW
8490,LOW
8491,LOW
8492,LOW
8493,LOW
8494,LOW
8495,LOW
8496,LOW
8497,LOW
8498,LOW
8499,LOW
8500,LOW
8501,LOW
8502,LOW
8503,LOW
8504,LOW
8505,LOW
8506,LOW
8507,LOW
8508,LOW
8509,LOW
8510,LOW
8511,LOW
8512,LOW
8513,LOW
8514,LOW
8515,LOW
8516,LOW
8517,LOW
8518,LOW
8519,LOW
8520,LOW
8521,LOW
8522,LOW
8523,LOW
8524,LOW
8525,LOW
8526,LOW
8527,LOW
8528,LOW
8529,LOW
8530,LOW
8531,LOW
8532,LOW
8533,LOW
8534,LOW
8535,LOW
8536,LOW
8537,LOW
8538,LOW
8539,LOW
8540,LOW
8541,LOW
8542,LOW
8543,LOW
8544,LOW
8545,LOW
8546,LOW
8547,LOW
8548,LOW
8549,LOW
8550,LOW
8551,LOW
8552,LOW
8553,LOW
8554,LOW
8555,LOW
8556,LOW
8557,LOW
8558,LOW
8559,LOW
8560,LOW
8561,LOW
8562,LOW
8563,LOW
8564,LOW
8565,LOW
8566,LOW
8567,LOW
8568,LOW
8569,LOW
8570,LOW
8571,LOW
8572,LOW
8573,LOW
8574,LOW
8575,LOW
8576,LOW
8577,LOW
8578,LOW
8579,LOW
8580,LOW
8581,LOW
8582,LOW
8583,LOW
8584,LOW
8585,LOW
8586,LOW
8587,LOW
8588,LOW
8589,LOW
8590,LOW
8591,LOW
8592,LOW
8593,LOW
8594,LOW
8595,LOW
8596,LOW
8597,LOW
8598,LOW
8599,LOW
8600,LOW
8601,LOW
8602,LOW
8603,LOW
8604,LOW
8605,LOW
8606,LOW
8607,LOW
8608,LOW
8609,LOW
8610,LOW
8611,LOW
8612,LOW
8613,LOW
8614,LOW
8615,LOW
8616,LOW
8617,LOW
8618,LOW
8619,LOW
8620,LOW
8621,LOW
8622,LOW
8623,LOW
8624,LOW
8625,LOW
8626,LOW
8627,LOW
8628,LOW
8629,LOW
8630,LOW
8631,LOW
8632,LOW
8633,LOW
8634,LOW
8635,LOW
8636,LOW
8637,LOW
8638,LOW
8639,LOW
8640,LOW
8641,LOW
8642,LOW
8643,LOW
8644,LOW
8645,LOW
8646,LOW
8647,LOW
8648,LOW
8649,LOW
8650,LOW
8651,LOW
8652,LOW
8653,LOW
8654,LOW
8655,LOW
8656,LOW
8657,LOW
8658,LOW
8659,LOW
8660,LOW
8661,LOW
8662,LOW
8663,LOW
8664,LOW
8665,LOW
8666,LOW
8667,LOW
8668,LOW
8669,LOW
8670,LOW
8671,LOW
8672,LOW
8673,LOW
8674,LOW
8675,LOW
8676,LOW
8677,LOW
8678,LOW
8679,LOW
8680,LOW
8681,LOW
8682,LOW
8683,LOW
8684,LOW
8685,LOW
8686,LOW
8687,LOW
8688,LOW
8689,LOW
8690,LOW
8691,LOW
8692,LOW
8693,LOW
8694,LOW
8695,LOW
8696,LOW
8697,LOW
8698,LOW
8699,LOW
8700,LOW
8701,LOW
8702,LOW
8703,LOW
8704,LOW
8705,LOW
8706,LOW
8707,LOW
8708,LOW
8709,LOW
8710,LOW
8711,LOW
8712,LOW
8713,LOW
8714,LOW
8715,LOW
8716,LOW
8717,LOW
8718,LOW
8719,LOW
8720,LOW
8721,LOW
8722,LOW
8723,LOW
8724,LOW
8725,LOW
8726,LOW
8727,LOW
8728,LOW
8729,LOW
8730,LOW
8731,LOW
8732,LOW
8733,LOW
8734,LOW
8735,LOW
8736,LOW
8737,LOW
8738,LOW
8739,LOW
8740,LOW
8741,LOW
8742,LOW
8743,LOW
8744,LOW
8745,LOW
8746,LOW
8747,LOW
8748,LOW
8749,LOW
8750,LOW
8751,LOW
8752,LOW
8753,LOW
8754,LOW
8755,LOW
8756,LOW
8757,LOW
8758,LOW
8759,LOW
8760,LOW
8761,LOW
8762,LOW
8763,LOW
8764,LOW
8765,LOW
8766,LOW
8767,LOW
8768,LOW
8769,LOW
8770,LOW
8771,LOW
8772,LOW
8773,LOW
8774,LOW
8775,LOW
8776,LOW
8777,LOW
8778,LOW
8779,LOW
8780,LOW
8781,LOW
8782,LOW
8783,LOW
8784,LOW
8785,LOW
8786,LOW
8787,LOW
8788,LOW
8789,LOW
8790,LOW
8791,LOW
8792,LOW
8793,LOW
8794,LOW
8795,LOW
8796,LOW
8797,LOW
8798,LOW
8799,LOW
8800,LOW
8801,LOW
8802,LOW
8803,LOW
8804,LOW
8805,LOW
8806,LOW
8807,LOW
8808,LOW
8809,LOW
8810,LOW
8811,LOW
8812,LOW
8813,LOW
8814,LOW
8815,LOW
8816,LOW
8817,LOW
8818,LOW
8819,LOW
8820,LOW
8821,LOW
8822,LOW
8823,LOW
8824,LOW
8825,LOW
8826,LOW
8827,LOW
8828,LOW
8829,LOW
8830,LOW
8831,LOW
8832,LOW
8833,LOW
8834,LOW
8835,LOW
8836,LOW
8837,LOW
8838,LOW
8839,LOW
8840,LOW
8841,LOW
8842,LOW
8843,LOW
8844,LOW
8845,LOW
8846,LOW
8847,LOW
8848,LOW
8849,LOW
8850,LOW
8851,LOW
8852,LOW
8853,LOW
8854,LOW
8855,LOW
8856,LOW
8857,LOW
8858,LOW
8859,LOW
8860,LOW
8861,LOW
8862,LOW
8863,LOW
8864,LOW
8865,LOW
8866,LOW
8867,LOW
8868,LOW
8869,LOW
8870,LOW
8871,LOW
8872,LOW
8873,LOW
8874,LOW
8875,LOW
8876,LOW
8877,LOW
8878,LOW
8879,LOW
8880,LOW
8881,LOW
8882,LOW
8883,LOW
8884,LOW
8885,LOW
8886,LOW
8887,LOW
8888,LOW
8889,LOW
8890,LOW
8891,LOW
8892,LOW
8893,LOW
8894,LOW
8895,LOW
8896,LOW
8897,LOW
8898,LOW
8899,LOW
8900,LOW
8901,LOW
8902,LOW
8903,LOW
8904,LOW
8905,LOW
8906,LOW
8907,LOW
8908,LOW
8909,LOW
8910,LOW
8911,LOW
8912,LOW
8913,LOW
8914,LOW
8915,LOW
8916,LOW
8917,LOW
8918,LOW
8919,LOW
8920,LOW
8921,LOW
8922,LOW
8923,LOW
8924,LOW
8925,LOW
8926,LOW
8927,LOW
8928,LOW
8929,LOW
8930,LOW
8931,LOW
8932,LOW
8933,LOW
8934,LOW
8935,LOW
8936,LOW
8937,LOW
8938,LOW
8939,LOW
8940,LOW
8941,LOW
8942,LOW
8943,LOW
8944,LOW
8945,LOW
8946,LOW
8947,LOW
8948,LOW
8949,LOW
8950,LOW
8951,LOW
8952,LOW
8953,LOW
8954,LOW
8955,LOW
8956,LOW
8957,LOW
8958,LOW
8959,LOW
8960,LOW
8961,LOW
8962,LOW
8963,LOW
8964,LOW
8965,LOW
8966,LOW
8967,LOW
8968,LOW
8969,LOW
8970,LOW
8971,LOW
8972,LOW
8973,LOW
8974,LOW
8975,LOW
8976,LOW
8977,LOW
8978,LOW
8979,LOW
8980,LOW
8981,LOW
8982,LOW
8983,LOW
8984,LOW
8985,LOW
8986,LOW
8987,LOW
8988,LOW
8989,LOW
8990,LOW
8991,LOW
8992,LOW
8993,LOW
8994,LOW
8995,LOW
8996,LOW
8997,LOW
8998,LOW
8999,LOW
9000,LOW
9001,LOW
9002,LOW
9003,LOW
9004,LOW
9005,LOW
9006,LOW
9007,LOW
9008,LOW
9009,LOW
9010,LOW
9011,LOW
9012,LOW
9013,LOW
9014,LOW
9015,LOW
9016,LOW
9017,LOW
9018,LOW
9019,LOW
9020,LOW
9021,LOW
9022,LOW
9023,LOW
9024,LOW
9025,LOW
9026,LOW
9027,LOW
9028,LOW
9029,LOW
9030,LOW
9031,LOW
9032,LOW
9033,LOW
9034,LOW
9035,LOW
9036,LOW
9037,LOW
9038,LOW
9039,LOW
9040,LOW
9041,LOW
9042,LOW
9043,LOW
9044,LOW
9045,LOW
9046,LOW
9047,LOW
9048,LOW
9049,LOW
9050,LOW
9051,LOW
9052,LOW
9053,LOW
9054,LOW
9055,LOW
9056,LOW
9057,LOW
9058,LOW
9059,LOW
9060,LOW
9061,LOW
9062,LOW
9063,LOW
9064,LOW
9065,LOW
9066,LOW
9067,LOW
9068,LOW
9069,LOW
9070,LOW
9071,LOW
9072,LOW
9073,LOW
9074,LOW
9075,LOW
9076,LOW
9077,LOW
9078,LOW
9079,LOW
9080,LOW
9081,LOW
9082,LOW
9083,LOW
9084,LOW
9085,LOW
9086,LOW
9087,LOW
9088,LOW
9089,LOW
9090,LOW
9091,LOW
9092,LOW
9093,LOW
9094,LOW
9095,LOW
9096,LOW
9097,LOW
9098,LOW
9099,LOW
9100,LOW
9101,LOW
9102,LOW
9103,LOW
9104,LOW
9105,LOW
9106,LOW
9107,LOW
9108,LOW
9109,LOW
9110,LOW
9111,LOW
9112,LOW
9113,LOW
9114,LOW
9115,LOW
9116,LOW
9117,LOW
9118,LOW
9119,LOW
9120,LOW
9121,LOW
9122,LOW
9123,LOW
9124,LOW
9125,LOW
9126,LOW
9127,LOW
9128,LOW
9129,LOW
9130,LOW
9131,LOW
9132,LOW
9133,LOW
9134,LOW
9135,LOW
9136,LOW
9137,LOW
9138,LOW
9139,LOW
9140,LOW
9141,LOW
9142,LOW
9143,LOW
9144,LOW
9145,LOW
9146,LOW
9147,LOW
9148,LOW
9149,LOW
9150,LOW
9151,LOW
9152,LOW
9153,LOW
9154,LOW
9155,LOW
9156,LOW
9157,LOW
9158,LOW
9159,LOW
9160,LOW
9161,LOW
9162,LOW
9163,LOW
9164,LOW
9165,LOW
9166,LOW
9167,LOW
9168,LOW
9169,LOW
9170,LOW
9171,LOW
9172,LOW
9173,LOW
9174,LOW
9175,LOW
9176,LOW
9177,LOW
9178,LOW
9179,LOW
9180,LOW
9181,LOW
9182,LOW
9183,LOW
9184,LOW
9185,LOW
9186,LOW
9187,LOW
9188,LOW
9189,LOW
9190,LOW
9191,LOW
9192,LOW
9193,LOW
9194,LOW
9195,LOW
9196,LOW
9197,LOW
9198,LOW
9199,LOW
9200,LOW
9201,LOW
9202,LOW
9203,LOW
9204,LOW
9205,LOW
9206,LOW
9207,LOW
9208,LOW
9209,LOW
9210,LOW
9211,LOW
9212,LOW
9213,LOW
9214,LOW
9215,LOW
9216,LOW
9217,LOW
9218,LOW
9219,LOW
9220,LOW
9221,LOW
9222,LOW
9223,LOW
9224,LOW
9225,LOW
9226,LOW
9227,LOW
9228,LOW
9229,LOW
9230,LOW
9231,LOW
9232,LOW
9233,LOW
9234,LOW
9235,LOW
9236,LOW
9237,LOW
9238,LOW
9239,LOW
9240,LOW
9241,LOW
9242,LOW
9243,LOW
9244,LOW
9245,LOW
9246,LOW
9247,LOW
9248,LOW
9249,LOW
9250,LOW
9251,LOW
9252,LOW
9253,LOW
9254,LOW
9255,LOW
9256,LOW
9257,LOW
9258,LOW
9259,LOW
9260,LOW
9261,LOW
9262,LOW
9263,LOW
9264,LOW
9265,LOW
9266,LOW
9267,LOW
9268,LOW
9269,LOW
9270,LOW
9271,LOW
9272,LOW
9273,LOW
9274,LOW
9275,LOW
9276,LOW
9277,LOW
9278,LOW
9279,LOW
9280,LOW
9281,LOW
9282,LOW
9283,LOW
9284,LOW
9285,LOW
9286,LOW
9287,LOW
9288,LOW
9289,LOW
9290,LOW
9291,LOW
9292,LOW
9293,LOW
9294,LOW
9295,LOW
9296,LOW
9297,LOW
9298,LOW
9299,LOW
9300,LOW
9301,LOW
9302,LOW
9303,LOW
9304,LOW
9305,LOW
9306,LOW
9307,LOW
9308,LOW
9309,LOW
9310,LOW
9311,LOW
9312,LOW
9313,LOW
9314,LOW
9315,LOW
9316,LOW
9317,LOW
9318,LOW
9319,LOW
9320,LOW
9321,LOW
9322,LOW
9323,LOW
9324,LOW
9325,LOW
9326,LOW
9327,LOW
9328,LOW
9329,LOW
9330,LOW
9331,LOW
9332,LOW
9333,LOW
9334,LOW
9335,LOW
9336,LOW
9337,LOW
9338,LOW
9339,LOW
9340,LOW
9341,LOW
9342,LOW
9343,LOW
9344,LOW
9345,LOW
9346,LOW
9347,LOW
9348,LOW
9349,LOW
9350,LOW
9351,LOW
9352,LOW
9353,LOW
9354,LOW
9355,LOW
9356,LOW
9357,LOW
9358,LOW
9359,LOW
9360,LOW
9361,LOW
9362,LOW
9363,LOW
9364,LOW
9365,LOW
9366,LOW
9367,LOW
9368,LOW
9369,LOW
9370,LOW
9371,LOW
9372,LOW
9373,LOW
9374,LOW
9375,LOW
9376,LOW
9377,LOW
9378,LOW
9379,LOW
9380,LOW
9381,LOW
9382,LOW
9383,LOW
9384,LOW
9385,LOW
9386,LOW
9387,LOW
9388,LOW
9389,LOW
9390,LOW
9391,LOW
9392,LOW
9393,LOW
9394,LOW
9395,LOW
9396,LOW
9397,LOW
9398,LOW
9399,LOW
9400,LOW
9401,LOW
9402,LOW
9403,LOW
9404,LOW
9405,LOW
9406,LOW
9407,LOW
9408,LOW
9409,LOW
9410,LOW
9411,LOW
9412,LOW
9413,LOW
9414,LOW
9415,LOW
9416,LOW
9417,LOW
9418,LOW
9419,LOW
9420,LOW
9421,LOW
9422,LOW
9423,LOW
9424,LOW
9425,LOW
9426,LOW
9427,LOW
9428,LOW
9429,LOW
9430,LOW
9431,LOW
9432,LOW
9433,LOW
9434,LOW
9435,LOW
9436,LOW
9437,LOW
9438,LOW
9439,LOW
9440,LOW
9441,LOW
9442,LOW
9443,LOW
9444,LOW
9445,LOW
9446,LOW
9447,LOW
9448,LOW
9449,LOW
9450,LOW
9451,LOW
9452,LOW
9453,LOW
9454,LOW
9455,LOW
9456,LOW
9457,LOW
9458,LOW
9459,LOW
9460,LOW
9461,LOW
9462,LOW
9463,LOW
9464,LOW
9465,LOW
9466,LOW
9467,LOW
9468,LOW
9469,LOW
9470,LOW
9471,LOW
9472,LOW
9473,LOW
9474,LOW
9475,LOW
9476,LOW
9477,LOW
9478,LOW
9479,LOW
9480,LOW
9481,LOW
9482,LOW
9483,LOW
9484,LOW
9485,LOW
9486,LOW
9487,LOW
9488,LOW
9489,LOW
9490,LOW
9491,LOW
9492,LOW
9493,LOW
9494,LOW
9495,LOW
9496,LOW
9497,LOW
9498,LOW
9499,LOW
9500,LOW
9501,LOW
9502,LOW
9503,LOW
9504,LOW
9505,LOW
9506,LOW
9507,LOW
9508,LOW
9509,LOW
9510,LOW
9511,LOW
9512,LOW
9513,LOW
9514,LOW
9515,LOW
9516,LOW
9517,LOW
9518,LOW
9519,LOW
9520,LOW
9521,LOW
9522,LOW
9523,LOW
9524,LOW
9525,LOW
9526,LOW
9527,LOW
9528,LOW
9529,LOW
9530,LOW
9531,LOW
9532,LOW
9533,LOW
9534,LOW
9535,LOW
9536,LOW
9537,LOW
9538,LOW
9539,LOW
9540,LOW
9541,LOW
9542,LOW
9543,LOW
9544,LOW
9545,LOW
9546,LOW
9547,LOW
9548,LOW
9549,LOW
9550,LOW
9551,LOW
9552,LOW
9553,LOW
9554,LOW
9555,LOW
9556,LOW
9557,LOW
9558,LOW
9559,LOW
9560,LOW
9561,LOW
9562,LOW
9563,LOW
9564,LOW
9565,LOW
9566,LOW
9567,LOW
9568,LOW
9569,LOW
9570,LOW
9571,LOW
9572,LOW
9573,LOW
9574,LOW
9575,LOW
9576,LOW
9577,LOW
9578,LOW
9579,LOW
9580,LOW
9581,LOW
9582,LOW
9583,LOW
9584,LOW
9585,LOW
9586,LOW
9587,LOW
9588,LOW
9589,LOW
9590,LOW
9591,LOW
9592,LOW
9593,LOW
9594,LOW
9595,LOW
9596,LOW
9597,LOW
9598,LOW
9599,LOW
9600,LOW
9601,LOW
9602,LOW
9603,LOW
9604,LOW
9605,LOW
9606,LOW
9607,LOW
9608,LOW
9609,LOW
9610,LOW
9611,LOW
9612,LOW
9613,LOW
9614,LOW
9615,LOW
9616,LOW
9617,LOW
9618,LOW
9619,LOW
9620,LOW
9621,LOW
9622,LOW
9623,LOW
9624,LOW
9625,LOW
9626,LOW
9627,LOW
9628,LOW
9629,LOW
9630,LOW
9631,LOW
9632,LOW
9633,LOW
9634,LOW
9635,LOW
9636,LOW
9637,LOW
9638,LOW
9639,LOW
9640,LOW
9641,LOW
9642,LOW
9643,LOW
9644,LOW
9645,LOW
9646,LOW
9647,LOW
9648,LOW
9649,LOW
9650,LOW
9651,LOW
9652,LOW
9653,LOW
9654,LOW
9655,LOW
9656,LOW
9657,LOW
9658,LOW
9659,LOW
9660,LOW
9661,LOW
9662,LOW
9663,LOW
9664,LOW
9665,LOW
9666,LOW
9667,LOW
9668,LOW
9669,LOW
9670,LOW
9671,LOW
9672,LOW
9673,LOW
9674,LOW
9675,LOW
9676,LOW
9677,LOW
9678,LOW
9679,LOW
9680,LOW
9681,LOW
9682,LOW
9683,LOW
9684,LOW
9685,LOW
9686,LOW
9687,LOW
9688,LOW
9689,LOW
9690,LOW
9691,LOW
9692,LOW
9693,LOW
9694,LOW
9695,LOW
9696,LOW
9697,LOW
9698,LOW
9699,LOW
9700,LOW
9701,LOW
9702,LOW
9703,LOW
9704,LOW
9705,LOW
9706,LOW
9707,LOW
9708,LOW
9709,LOW
9710,LOW
9711,LOW
9712,LOW
9713,LOW
9714,LOW
9715,LOW
9716,LOW
9717,LOW
9718,LOW
9719,LOW
9720,LOW
9721,LOW
9722,LOW
9723,LOW
9724,LOW
9725,LOW
9726,LOW
9727,LOW
9728,LOW
9729,LOW
9730,LOW
9731,LOW
9732,LOW
9733,LOW
9734,LOW
9735,LOW
9736,LOW
9737,LOW
9738,LOW
9739,LOW
9740,LOW
9741,LOW
9742,LOW
9743,LOW
9744,LOW
9745,LOW
9746,LOW
9747,LOW
9748,LOW
9749,LOW
9750,LOW
9751,LOW
9752,LOW
9753,LOW
9754,LOW
9755,LOW
9756,LOW
9757,LOW
9758,LOW
9759,LOW
9760,LOW
9761,LOW
9762,LOW
9763,LOW
9764,LOW
9765,LOW
9766,LOW
9767,LOW
9768,LOW
9769,LOW
9770,LOW
9771,LOW
9772,LOW
9773,LOW
9774,LOW
9775,LOW
9776,LOW
9777,LOW
9778,LOW
9779,LOW
9780,LOW
9781,LOW
9782,LOW
9783,LOW
9784,LOW
9785,LOW
9786,LOW
9787,LOW
9788,LOW
9789,LOW
9790,LOW
9791,LOW
9792,LOW
9793,LOW
9794,LOW
9795,LOW
9796,LOW
9797,LOW
9798,LOW
9799,LOW
9800,LOW
9801,LOW
9802,LOW
9803,LOW
9804,LOW
9805,LOW
9806,LOW
9807,LOW
9808,LOW
9809,LOW
9810,LOW
9811,LOW
9812,LOW
9813,LOW
9814,LOW
9815,LOW
9816,LOW
9817,LOW
9818,LOW
9819,LOW
9820,LOW
9821,LOW
9822,LOW
9823,LOW
9824,LOW
9825,LOW
9826,LOW
9827,LOW
9828,LOW
9829,LOW
9830,LOW
9831,LOW
9832,LOW
9833,LOW
9834,LOW
9835,LOW
9836,LOW
9837,LOW
9838,LOW
9839,LOW
9840,LOW
9841,LOW
9842,LOW
9843,LOW
9844,LOW
9845,LOW
9846,LOW
9847,LOW
9848,LOW
9849,LOW
9850,LOW
9851,LOW
9852,LOW
9853,LOW
9854,LOW
9855,LOW
9856,LOW
9857,LOW
9858,LOW
9859,LOW
9860,LOW
9861,LOW
9862,LOW
9863,LOW
9864,LOW
9865,LOW
9866,LOW
9867,LOW
9868,LOW
9869,LOW
9870,LOW
9871,LOW
9872,LOW
9873,LOW
9874,LOW
9875,LOW
9876,LOW
9877,LOW
9878,LOW
9879,LOW
9880,LOW
9881,LOW
9882,LOW
9883,LOW
9884,LOW
9885,LOW
9886,LOW
9887,LOW
9888,LOW
9889,LOW
9890,LOW
9891,LOW
9892,LOW
9893,LOW
9894,LOW
9895,LOW
9896,LOW
9897,LOW
9898,LOW
9899,LOW
9900,LOW
9901,LOW
9902,LOW
9903,LOW
9904,LOW
9905,LOW
9906,LOW
9907,LOW
9908,LOW
9909,LOW
9910,LOW
9911,LOW
9912,LOW
9913,LOW
9914,LOW
9915,LOW
9916,LOW
9917,LOW
9918,LOW
9919,LOW
9920,LOW
9921,LOW
9922,LOW
9923,LOW
9924,LOW
9925,LOW
9926,LOW
9927,LOW
9928,LOW
9929,LOW
9930,LOW
9931,LOW
9932,LOW
9933,LOW
9934,LOW
9935,LOW
9936,LOW
9937,LOW
9938,LOW
9939,LOW
9940,LOW
9941,LOW
9942,LOW
9943,LOW
9944,LOW
9945,LOW
9946,LOW
9947,LOW
9948,LOW
9949,LOW
9950,LOW
9951,LOW
9952,LOW
9953,LOW
9954,LOW
9955,LOW
9956,LOW
9957,LOW
9958,LOW
9959,LOW
9960,LOW
9961,LOW
9962,LOW
9963,LOW
9964,LOW
9965,LOW
9966,LOW
9967,LOW
9968,LOW
9969,LOW
9970,LOW
9971,LOW
9972,LOW
9973,LOW
9974,LOW
9975,LOW
9976,LOW
9977,LOW
9978,LOW
9979,LOW
9980,LOW
9981,LOW
9982,LOW
9983,LOW
9984,LOW
9985,LOW
9986,LOW
9987,LOW
9988,LOW
9989,LOW
9990,LOW
9991,LOW
9992,LOW
9993,LOW
9994,LOW
9995,LOW
9996,LOW
9997,LOW
9998,LOW
9999,LOW
10000,LOW
